98765,0862728122370,OPENSTAX,CLT,5,150_day,2017-05-31 14:21:29.560404
98766,6578216102199,ENGLISH PUBLICATIONS,PDX,5,110_day,2017-01-21 14:37:45.560706
98767,0280959527665,MCGRAW-HILL,IAD,8,70_day,2017-03-23 14:26:00.560738
98768,6908865713790,ENGLISH PUBLICATIONS,LAS,1,140_day,2016-10-22 11:19:51.560766
98769,2803012368151,ENGLISH PUBLICATIONS,TPA,7,40_day,2017-03-12 11:15:44.560793
98770,3899405607886,ENGLISH PUBLICATIONS,MCO,7,20_day,2017-07-15 10:57:52.560820
98771,1899596499745,PEARSON,MIA,3,110_day,2017-05-23 09:16:43.560846
98772,0754473481928,OPENSTAX,CLE,1,90_day,2017-08-09 14:31:23.560872
98773,5527575847240,ENGLISH PUBLICATIONS,HNL,7,130_day,2016-11-26 10:13:20.560898
98774,8765173058348,PEARSON,SEA,1,90_day,2017-07-19 14:33:37.560924
98775,7192583653601,SCIPUB,BOS,8,140_day,2017-08-03 14:02:28.560950
98776,6904964906045,SCIPUB,PHL,5,10_day,2017-04-17 07:01:33.560976
98777,6340043053809,PEARSON,DTW,4,40_day,2017-02-06 10:47:03.561002
98778,5189969900865,ENGLISH PUBLICATIONS,CLE,6,10_day,2016-11-10 07:13:42.561028
98779,3547388154426,MACMILLAN,ATL,4,150_day,2016-12-10 09:13:01.561056
98780,1842412881119,OXFORD UNIVERSITY PRESS,MCI,4,0_day,2017-05-18 08:12:27.561082
98781,6783213109159,PEARSON,BOS,6,30_day,2017-03-15 15:36:54.561108
98782,6753938327832,SCIPUB,LAX,7,0_day,2016-10-20 12:31:46.561134
98783,5788436605126,ENGLISH PUBLICATIONS,BOS,8,150_day,2017-07-24 14:17:32.561159
98784,4719334496363,MACMILLAN,AUS,3,70_day,2017-05-22 07:19:29.561185
98785,9863757704522,PENGUIN RANDOMHOUSE,BNA,8,40_day,2017-07-01 14:15:53.561211
98786,8869614925995,ENGLISH PUBLICATIONS,IAD,8,110_day,2016-12-26 11:34:13.561237
98787,6483055903377,ENGLISH PUBLICATIONS,ATL,2,120_day,2016-10-30 11:27:54.561262
98788,3655831300331,PEARSON,MIA,8,120_day,2017-03-25 07:42:15.561288
98789,3458743656032,PEARSON,FLL,2,20_day,2016-10-19 09:31:52.561314
98790,3117797384522,OXFORD UNIVERSITY PRESS,MCO,2,160_day,2016-11-13 15:17:20.561340
98791,7092208751582,ENGLISH PUBLICATIONS,SAN,2,100_day,2017-08-14 15:12:46.561366
98792,4780159088458,PEARSON,PDX,9,20_day,2017-01-21 12:17:58.561391
98793,3455843886681,ENGLISH PUBLICATIONS,MCO,4,60_day,2017-05-16 08:51:17.561418
98794,1441757397883,PEARSON,SEA,9,10_day,2017-04-12 09:37:34.561444
98795,9277080469051,MCGRAW-HILL,MSP,6,120_day,2017-04-02 11:05:31.561470
98796,6649948999565,SCIPUB,BNA,2,70_day,2017-06-13 15:17:34.561496
98797,8999581223940,SCIPUB,MCO,2,0_day,2017-02-27 06:48:45.561521
98798,8503017630503,PEARSON,LAX,8,20_day,2017-05-25 12:20:05.561547
98799,0861975639373,MCGRAW-HILL,PHX,7,0_day,2017-04-08 13:42:18.561573
98800,7681445194029,ENGLISH PUBLICATIONS,SMF,8,20_day,2016-11-17 09:40:12.561598
98801,3894494426762,ENGLISH PUBLICATIONS,DEN,4,130_day,2016-12-23 15:03:14.561624
98802,5649596416601,PENGUIN RANDOMHOUSE,DFW,1,100_day,2017-01-23 12:51:49.561650
98803,3109642581767,SCIPUB,BNA,5,70_day,2017-04-01 14:21:21.561676
98804,1595911729054,PENGUIN RANDOMHOUSE,ORD,4,40_day,2017-02-04 08:52:59.561702
98805,4887928431899,PEARSON,SNA,2,20_day,2016-12-08 11:41:18.561728
98806,4339353589311,PEARSON,MSP,8,10_day,2016-11-21 14:26:04.561753
98807,4677907770824,OPENSTAX,SEA,5,50_day,2017-08-01 08:59:09.561780
98808,0570587252020,MCGRAW-HILL,LGA,7,80_day,2017-08-24 15:03:32.561806
98809,8629055703626,OXFORD UNIVERSITY PRESS,DCA,10,70_day,2017-03-31 14:27:54.561831
98810,5578967472761,MCGRAW-HILL,MDW,6,40_day,2017-02-05 09:29:54.561857
98811,4783993053151,MCGRAW-HILL,RDU,7,60_day,2017-05-28 09:40:49.561883
98812,3140843287592,ENGLISH PUBLICATIONS,JFK,2,130_day,2017-06-26 11:23:17.561909
98813,1127494147649,SCIPUB,CLT,4,40_day,2017-07-12 06:48:49.561934
98814,1748747428379,MACMILLAN,SAN,5,70_day,2016-11-05 10:09:28.561960
98815,8022139588957,ENGLISH PUBLICATIONS,DTW,10,120_day,2017-08-09 12:42:30.561986
98816,0584161552977,PEARSON,BNA,5,120_day,2016-12-18 08:44:20.562012
98817,0042139274849,ENGLISH PUBLICATIONS,HNL,7,140_day,2016-11-23 13:50:31.562038
98818,1827096650927,OPENSTAX,SMF,10,110_day,2017-05-01 07:20:49.562063
98819,9793386372887,PENGUIN RANDOMHOUSE,DTW,3,90_day,2017-07-14 14:06:01.562089
98820,6814177016342,PENGUIN RANDOMHOUSE,STL,4,130_day,2017-05-21 12:47:37.562115
98821,6560494175158,OPENSTAX,RDU,8,170_day,2017-05-02 09:07:15.562141
98822,3583616553859,OPENSTAX,SLC,10,70_day,2017-06-22 12:20:05.562167
98823,8976491933183,ENGLISH PUBLICATIONS,MCI,7,90_day,2017-04-29 09:56:53.562193
98824,4682223694754,OXFORD UNIVERSITY PRESS,MIA,5,140_day,2017-06-06 12:28:04.562219
98825,9398447199365,ENGLISH PUBLICATIONS,LAX,4,140_day,2017-01-14 15:16:01.562245
98826,2687518621532,PENGUIN RANDOMHOUSE,LAS,6,160_day,2017-06-27 10:52:12.562270
98827,8745024830730,ENGLISH PUBLICATIONS,MCO,1,70_day,2016-10-19 14:22:59.562296
98828,3658973540128,OXFORD UNIVERSITY PRESS,LAS,3,90_day,2017-04-15 12:40:09.562322
98829,1252050306490,OXFORD UNIVERSITY PRESS,TPA,5,80_day,2017-08-06 06:45:43.562348
98830,3392370187634,OPENSTAX,SMF,7,170_day,2017-04-07 11:54:17.562374
98831,8696827297232,MCGRAW-HILL,DTW,7,90_day,2016-11-06 11:34:49.562399
98832,6313439800553,MCGRAW-HILL,ORD,1,40_day,2017-07-21 09:10:23.562425
98833,6860674225329,MCGRAW-HILL,SAN,3,0_day,2017-08-19 13:20:28.562450
98834,0169834288884,SCIPUB,ATL,5,20_day,2017-02-07 10:56:18.562476
98835,6544295182149,MACMILLAN,CLE,4,40_day,2017-01-10 14:08:55.562501
98836,4592677814015,MACMILLAN,CLE,4,80_day,2017-01-03 11:59:37.562528
98837,4871360141719,PEARSON,MCO,8,140_day,2017-06-18 12:12:07.562554
98838,3591195066868,MACMILLAN,HOU,4,10_day,2017-03-30 13:10:08.562579
98839,9179145034412,OPENSTAX,JFK,6,80_day,2017-04-05 15:41:06.562605
98840,0338268927402,SCIPUB,SMF,5,50_day,2016-11-12 09:48:49.562630
98841,1074959098112,SCIPUB,IAD,2,0_day,2017-05-15 08:09:55.562656
98842,1500951122676,MACMILLAN,RDU,3,0_day,2017-05-29 10:57:09.562681
98843,9377910925842,PENGUIN RANDOMHOUSE,CLE,9,130_day,2017-05-19 08:02:17.562707
98844,7289016262103,PEARSON,PDX,7,40_day,2017-06-18 07:10:40.562733
98845,0584150439067,OPENSTAX,BWI,8,0_day,2017-08-20 13:21:43.562758
98846,1762683745039,ENGLISH PUBLICATIONS,LGA,10,10_day,2017-04-10 14:17:04.562784
98847,8499353511177,MACMILLAN,PHL,6,130_day,2017-02-07 12:13:02.562810
98848,2786215962951,ENGLISH PUBLICATIONS,SFO,8,160_day,2017-04-11 14:28:55.562835
98849,9122215347831,MCGRAW-HILL,TPA,9,140_day,2017-08-04 13:15:42.562861
98850,8758712756487,MCGRAW-HILL,MCO,1,180_day,2017-02-09 12:19:27.562887
98851,8919536414317,ENGLISH PUBLICATIONS,MSP,8,100_day,2017-03-10 11:23:52.562912
98852,9659629194369,OPENSTAX,BOS,10,110_day,2017-08-15 15:15:27.562938
98853,3810918129448,OXFORD UNIVERSITY PRESS,SMF,6,70_day,2017-05-17 11:56:20.562964
98854,7136781225505,PEARSON,HOU,2,110_day,2017-06-17 10:43:12.562989
98855,7645036248329,ENGLISH PUBLICATIONS,SFO,3,90_day,2017-02-11 13:29:29.563015
98856,5227374863210,MACMILLAN,DFW,5,30_day,2017-06-23 14:45:02.563041
98857,0169573740787,OXFORD UNIVERSITY PRESS,CLE,7,100_day,2017-02-18 13:56:28.563066
98858,2628438389525,ENGLISH PUBLICATIONS,MCO,7,80_day,2017-06-13 15:38:51.563092
98859,7438406047464,ENGLISH PUBLICATIONS,SEA,8,110_day,2017-02-26 08:32:53.563118
98860,6273141675848,ENGLISH PUBLICATIONS,MIA,6,150_day,2017-01-30 09:59:53.563144
98861,1747648979348,PENGUIN RANDOMHOUSE,IAD,2,160_day,2017-04-25 13:04:55.563169
98862,7320632943429,PENGUIN RANDOMHOUSE,LAX,1,150_day,2017-05-23 11:02:49.563195
98863,5682868012055,PENGUIN RANDOMHOUSE,RDU,3,60_day,2017-08-05 12:37:00.563220
98864,9020412424756,MACMILLAN,RDU,10,10_day,2017-08-20 12:40:03.563247
98865,8765068801124,MCGRAW-HILL,SAN,8,170_day,2017-07-03 14:35:10.563273
98866,3205633393428,ENGLISH PUBLICATIONS,DEN,6,20_day,2017-02-10 13:52:16.563298
98867,8250944160573,OPENSTAX,LAX,3,70_day,2017-08-23 07:36:34.563324
98868,8449031511637,OXFORD UNIVERSITY PRESS,DTW,8,180_day,2017-07-24 07:12:18.563350
98869,7614853955860,MACMILLAN,DFW,9,20_day,2017-04-28 09:48:53.563375
98870,6042525096136,ENGLISH PUBLICATIONS,STL,4,130_day,2016-12-15 07:21:10.563401
98871,7153678537568,PENGUIN RANDOMHOUSE,IAH,3,140_day,2017-08-14 07:21:39.563427
98872,4008898072751,ENGLISH PUBLICATIONS,DEN,10,20_day,2017-08-10 08:46:49.563453
98873,0888403206928,MACMILLAN,OAK,3,50_day,2017-05-02 08:18:01.563479
98874,3178475652832,SCIPUB,AUS,6,0_day,2017-06-23 11:59:49.563504
98875,4049970845300,MACMILLAN,SAN,6,100_day,2017-05-17 14:31:02.563530
98876,7485801847567,SCIPUB,STL,8,20_day,2017-05-14 11:33:09.563556
98877,5371039134931,PEARSON,IAH,8,170_day,2017-08-16 14:13:22.563581
98878,4061174227187,MCGRAW-HILL,LAS,3,30_day,2017-05-18 14:14:06.563608
98879,8878199162811,SCIPUB,TPA,9,50_day,2017-05-27 09:27:59.563633
98880,7899664308630,MCGRAW-HILL,SEA,3,60_day,2016-12-24 06:47:41.563659
98881,0738826415673,MACMILLAN,EWR,2,30_day,2016-10-29 11:03:02.563685
98882,0780585927858,SCIPUB,BOS,3,60_day,2017-03-15 13:55:55.563710
98883,2352579658781,PENGUIN RANDOMHOUSE,HNL,10,0_day,2017-03-29 12:00:02.563736
98884,8598243532958,PEARSON,IAH,2,20_day,2016-12-03 06:46:44.563761
98885,7756351882459,SCIPUB,MSP,6,30_day,2016-12-10 08:59:52.563787
98886,6921446162572,SCIPUB,AUS,3,140_day,2017-01-28 08:23:06.563812
98887,7213536413679,PEARSON,MDW,9,40_day,2017-01-22 15:38:07.563838
98888,5328350693716,OPENSTAX,SEA,2,60_day,2017-07-28 08:31:25.563863
98889,4787150667431,OXFORD UNIVERSITY PRESS,JFK,5,170_day,2017-07-05 12:27:20.563889
98890,7470444257935,OXFORD UNIVERSITY PRESS,DFW,8,140_day,2017-01-30 15:20:33.563914
98891,6278553935981,OXFORD UNIVERSITY PRESS,MIA,9,180_day,2017-07-12 07:41:55.563940
98892,5671524532860,MCGRAW-HILL,MCO,8,100_day,2016-11-12 07:54:32.563966
98893,2504268695408,MCGRAW-HILL,MCO,4,60_day,2017-01-21 14:53:16.563991
98894,5520485241159,MCGRAW-HILL,BWI,7,120_day,2017-07-27 13:25:56.564017
98895,4984585308183,ENGLISH PUBLICATIONS,FLL,2,110_day,2017-01-16 08:20:51.564042
98896,3197758107539,PENGUIN RANDOMHOUSE,DEN,6,50_day,2017-08-19 11:16:52.564068
98897,6969003982817,MCGRAW-HILL,ATL,8,150_day,2017-05-16 07:42:32.564094
98898,2038817994768,SCIPUB,MIA,1,180_day,2016-12-05 13:28:29.564119
98899,4207484557937,PENGUIN RANDOMHOUSE,TPA,3,0_day,2016-10-29 06:54:33.564145
98900,6890883082010,OXFORD UNIVERSITY PRESS,IAD,10,140_day,2017-07-02 11:51:48.564170
98901,9354386734337,OXFORD UNIVERSITY PRESS,DFW,8,100_day,2016-11-05 07:20:56.564196
98902,8445864612430,PENGUIN RANDOMHOUSE,DTW,2,70_day,2017-08-28 14:14:07.564222
98903,3197298165825,PENGUIN RANDOMHOUSE,EWR,7,170_day,2017-01-19 10:42:49.564248
98904,4921556341093,MCGRAW-HILL,IAD,5,140_day,2017-04-04 08:35:26.564273
98905,7678281755794,OXFORD UNIVERSITY PRESS,SMF,7,150_day,2017-05-07 07:22:30.564299
98906,7529417571183,PEARSON,JFK,9,20_day,2017-05-11 14:40:44.564324
98907,0406788437532,OPENSTAX,PDX,3,80_day,2017-06-13 09:52:26.564351
98908,2170423514475,PEARSON,DCA,9,20_day,2016-11-02 12:00:03.564376
98909,5342695469519,SCIPUB,CLE,7,90_day,2017-01-17 07:00:51.564402
98910,8915627514759,PEARSON,LGA,3,130_day,2017-09-09 15:04:08.564427
98911,9082092569410,PEARSON,IAD,9,80_day,2016-11-24 07:18:21.564453
98912,9703660985117,ENGLISH PUBLICATIONS,SLC,7,110_day,2017-02-18 14:05:25.564478
98913,7534800252332,PEARSON,SNA,7,150_day,2017-06-30 15:03:29.564504
98914,8590274640825,PEARSON,SFO,3,80_day,2017-08-20 10:00:58.564529
98915,6889014027059,MACMILLAN,CLE,5,80_day,2016-11-04 12:42:03.564555
98916,9422118173015,MACMILLAN,TPA,2,180_day,2017-06-11 14:33:23.564580
98917,6510674149431,ENGLISH PUBLICATIONS,MIA,1,130_day,2017-02-05 06:54:06.564606
98918,2774375092604,OPENSTAX,PHL,1,180_day,2017-07-27 13:16:29.564632
98919,9883338508308,OXFORD UNIVERSITY PRESS,CLT,9,0_day,2017-06-01 09:55:17.564657
98920,8057758731457,OPENSTAX,CLT,8,170_day,2016-12-20 13:42:58.564683
98921,5491102653244,MCGRAW-HILL,BOS,6,60_day,2017-02-27 07:09:08.564709
98922,2622663861736,OPENSTAX,MSP,9,30_day,2017-04-08 12:41:22.564735
98923,8890435785328,PENGUIN RANDOMHOUSE,DFW,2,130_day,2017-04-28 14:25:59.564760
98924,4333576722043,PENGUIN RANDOMHOUSE,SFO,8,130_day,2017-02-04 13:50:11.564786
98925,3356001985853,ENGLISH PUBLICATIONS,DCA,8,30_day,2017-03-03 09:56:12.564811
98926,2586452526891,MCGRAW-HILL,SMF,6,60_day,2016-11-27 10:11:36.564837
98927,0299887295343,PENGUIN RANDOMHOUSE,DEN,2,90_day,2017-02-09 14:09:48.564863
98928,9276543657146,MCGRAW-HILL,TPA,9,50_day,2016-12-26 12:49:51.564888
98929,1424793050375,OPENSTAX,LGA,3,110_day,2017-09-06 08:02:22.564914
98930,5331585959746,PENGUIN RANDOMHOUSE,SNA,6,100_day,2017-02-02 10:55:38.564940
98931,0278490037264,ENGLISH PUBLICATIONS,MIA,6,90_day,2016-11-28 09:29:16.564965
98932,0918715572704,MACMILLAN,RDU,8,10_day,2017-03-10 11:25:11.564991
98933,6771111074191,SCIPUB,EWR,5,40_day,2016-11-29 10:28:16.565016
98934,9688796879944,PEARSON,DTW,1,90_day,2016-12-23 12:30:45.565041
98935,7924276897829,SCIPUB,AUS,1,20_day,2017-05-24 10:19:49.565068
98936,2911468925976,SCIPUB,HOU,3,160_day,2017-07-25 08:21:45.565093
98937,2512755444049,OXFORD UNIVERSITY PRESS,DCA,7,180_day,2017-04-27 11:50:33.565119
98938,8506258398491,PENGUIN RANDOMHOUSE,BNA,4,60_day,2017-05-15 12:25:42.565144
98939,6325423694582,ENGLISH PUBLICATIONS,CLT,3,160_day,2017-05-30 13:54:38.565170
98940,0309760832905,PENGUIN RANDOMHOUSE,OAK,6,90_day,2017-07-23 09:49:54.565196
98941,8881104791319,MACMILLAN,AUS,8,40_day,2017-07-10 07:42:29.565221
98942,0456117982237,PENGUIN RANDOMHOUSE,SLC,10,140_day,2016-11-19 14:09:03.565247
98943,1802961116033,MCGRAW-HILL,SNA,3,70_day,2016-10-20 07:07:54.565272
98944,1691430051791,MACMILLAN,PDX,4,0_day,2016-12-21 10:35:24.565298
98945,9513103929617,OPENSTAX,PHX,8,100_day,2017-06-17 13:28:33.565323
98946,4488444591818,SCIPUB,IAD,8,40_day,2017-02-17 09:08:00.565349
98947,0526878417035,SCIPUB,HNL,6,80_day,2017-06-19 09:43:43.565375
98948,9338021530533,ENGLISH PUBLICATIONS,BWI,6,70_day,2017-09-06 15:41:25.565400
98949,9917039100245,SCIPUB,AUS,2,90_day,2017-05-28 07:14:48.565427
98950,1320583149019,MACMILLAN,DCA,8,160_day,2016-10-31 14:54:23.565456
98951,1668100274804,MACMILLAN,BOS,4,20_day,2017-07-29 11:11:24.565485
98952,8052390952362,PENGUIN RANDOMHOUSE,LGA,5,160_day,2016-12-14 08:52:54.565510
98953,2320485206279,OXFORD UNIVERSITY PRESS,SMF,10,40_day,2017-08-25 11:11:11.565569
98954,4960824941555,ENGLISH PUBLICATIONS,MSP,6,50_day,2017-05-02 08:26:03.565611
98955,2258375721158,OPENSTAX,EWR,3,180_day,2016-11-03 15:21:19.565671
98956,3249956440255,OPENSTAX,MIA,1,70_day,2016-12-21 12:21:49.565707
98957,7840836668281,MCGRAW-HILL,RDU,6,180_day,2017-03-06 10:02:24.565734
98958,9733273857825,ENGLISH PUBLICATIONS,SFO,1,180_day,2017-08-12 15:21:47.565760
98959,1214726617959,OXFORD UNIVERSITY PRESS,LAX,3,120_day,2017-03-05 08:16:30.565786
98960,5215555541862,ENGLISH PUBLICATIONS,DCA,9,120_day,2017-05-06 10:36:38.565812
98961,6485005316810,SCIPUB,DEN,7,0_day,2017-06-24 12:59:56.565838
98962,0906831960383,OPENSTAX,PHL,10,140_day,2016-11-22 08:42:44.565864
98963,0286499842899,OXFORD UNIVERSITY PRESS,RDU,3,0_day,2016-12-09 09:35:55.565891
98964,8606207658674,PENGUIN RANDOMHOUSE,JFK,3,80_day,2016-12-27 10:20:03.565917
98965,6976671807834,OPENSTAX,EWR,6,160_day,2017-02-02 13:56:43.565943
98966,6298712488903,MCGRAW-HILL,SAN,1,150_day,2017-01-16 11:35:29.565969
98967,9607710785238,MCGRAW-HILL,SMF,2,50_day,2017-03-19 07:39:24.565995
98968,2935438801985,PENGUIN RANDOMHOUSE,HOU,10,40_day,2017-05-20 10:38:25.566020
98969,8887906874036,OXFORD UNIVERSITY PRESS,STL,6,160_day,2017-02-11 06:43:33.566046
98970,3668386217752,PEARSON,CLT,4,180_day,2017-05-22 06:45:10.566072
98971,3853280289000,MCGRAW-HILL,SLC,3,80_day,2017-04-20 13:07:09.566098
98972,8747257009128,PENGUIN RANDOMHOUSE,CLE,5,150_day,2017-01-12 08:07:10.566124
98973,9320950061188,MACMILLAN,DFW,1,180_day,2017-03-07 09:11:25.566150
98974,1478603526559,SCIPUB,MIA,9,50_day,2016-10-28 09:13:02.566175
98975,2659887835530,PEARSON,OAK,7,180_day,2017-06-29 12:06:43.566201
98976,6954946856683,OXFORD UNIVERSITY PRESS,HOU,5,20_day,2016-11-17 10:36:44.566227
98977,7672671006124,OXFORD UNIVERSITY PRESS,JFK,1,180_day,2017-01-22 08:08:57.566254
98978,2922753390045,PENGUIN RANDOMHOUSE,FLL,7,140_day,2017-06-03 15:17:03.566280
98979,4238542009379,PENGUIN RANDOMHOUSE,TPA,10,10_day,2017-01-11 09:35:35.566305
98980,0087480869232,PENGUIN RANDOMHOUSE,LGA,8,60_day,2017-03-05 11:03:52.566331
98981,0973856246931,OXFORD UNIVERSITY PRESS,MIA,2,20_day,2016-11-11 08:46:36.566357
98982,0980081380553,MACMILLAN,JFK,5,20_day,2017-01-06 07:36:53.566383
98983,0311836237739,OXFORD UNIVERSITY PRESS,SNA,6,20_day,2017-05-11 08:35:57.566409
98984,4110833354899,SCIPUB,CLT,3,70_day,2017-08-28 15:37:25.566435
98985,4698518455309,OPENSTAX,IAD,2,50_day,2017-03-14 13:09:59.566461
98986,8909730077304,PEARSON,DTW,8,70_day,2016-12-28 14:28:52.566486
98987,7722154668426,ENGLISH PUBLICATIONS,ORD,6,150_day,2017-06-15 12:55:53.566512
98988,4845132433393,SCIPUB,DEN,7,20_day,2017-04-02 12:53:17.566538
98989,3367468986188,OXFORD UNIVERSITY PRESS,LAS,6,130_day,2017-09-01 10:18:45.566563
98990,9831069694721,MCGRAW-HILL,IAD,8,50_day,2017-06-03 15:40:42.566589
98991,8667082935706,OPENSTAX,DFW,1,90_day,2016-10-19 08:06:08.566615
98992,0769531020815,PEARSON,SFO,2,60_day,2017-08-01 09:34:49.566641
98993,7039491280329,ENGLISH PUBLICATIONS,LAX,10,20_day,2017-05-15 06:43:26.566667
98994,6860311822351,SCIPUB,PHX,2,140_day,2016-12-19 11:13:26.566693
98995,9226330735603,PEARSON,MSP,4,0_day,2016-12-04 07:05:14.566718
98996,9778799401211,PEARSON,RDU,5,20_day,2017-01-11 10:30:55.566744
98997,7294009046553,SCIPUB,STL,8,140_day,2017-05-04 10:06:09.566769
98998,7196518202296,MCGRAW-HILL,MSP,5,150_day,2017-07-12 11:25:58.566795
98999,9399730318557,MCGRAW-HILL,STL,6,20_day,2016-10-15 12:49:34.566820
99000,2864974766642,MACMILLAN,HNL,5,90_day,2017-02-15 12:27:51.566846
99001,0700452427081,ENGLISH PUBLICATIONS,STL,2,70_day,2016-10-20 09:26:59.566872
99002,0316667950331,MCGRAW-HILL,SFO,8,180_day,2017-02-11 11:12:57.566897
99003,3383778933901,SCIPUB,ATL,1,150_day,2016-10-29 08:48:33.566923
99004,1709134461187,OXFORD UNIVERSITY PRESS,SEA,2,80_day,2016-11-30 10:06:13.566949
99005,0081579275525,OPENSTAX,PDX,8,170_day,2017-02-21 10:21:51.566975
99006,9626412715169,SCIPUB,LAS,3,50_day,2017-06-18 06:52:55.567001
99007,0423595114441,OXFORD UNIVERSITY PRESS,MDW,1,90_day,2016-10-29 14:52:23.567027
99008,4985013140211,OXFORD UNIVERSITY PRESS,MCI,10,70_day,2017-01-12 10:32:47.567052
99009,4284056742514,OPENSTAX,LGA,1,60_day,2017-01-21 09:31:01.567078
99010,5407458911110,PEARSON,SLC,1,40_day,2017-04-04 11:30:28.567103
99011,8023943940854,PEARSON,LGA,4,150_day,2017-01-31 09:09:53.567129
99012,5362976718682,MACMILLAN,CLT,6,20_day,2017-07-28 13:30:11.567154
99013,5425779689760,PEARSON,SNA,10,30_day,2016-10-16 09:49:05.567180
99014,5721740969126,OXFORD UNIVERSITY PRESS,SMF,10,150_day,2017-01-04 08:18:28.567206
99015,7476822685771,MCGRAW-HILL,TPA,1,170_day,2017-04-27 09:56:09.567231
99016,5795109390522,OXFORD UNIVERSITY PRESS,LAS,5,130_day,2017-06-01 13:21:34.567257
99017,6078727933655,SCIPUB,SNA,9,180_day,2017-04-10 11:03:37.567283
99018,8896462969923,SCIPUB,CLT,2,160_day,2017-03-15 12:01:24.567308
99019,8465061642370,MCGRAW-HILL,BNA,7,30_day,2017-04-01 14:33:33.567334
99020,6184592964660,OXFORD UNIVERSITY PRESS,SMF,2,160_day,2017-02-25 11:41:25.567360
99021,8931109842569,PENGUIN RANDOMHOUSE,SEA,6,110_day,2017-04-11 12:54:35.567386
99022,0084615001650,ENGLISH PUBLICATIONS,SAN,4,110_day,2016-10-15 09:22:49.567412
99023,8669052352753,MACMILLAN,MDW,3,80_day,2017-01-03 10:33:38.567438
99024,8077392399886,SCIPUB,MSP,3,80_day,2017-02-27 07:06:28.567463
99025,2293900957025,SCIPUB,MDW,5,10_day,2017-04-22 11:17:16.567489
99026,0466709492672,OPENSTAX,LAX,6,60_day,2017-04-16 09:31:30.567514
99027,4719299896086,OPENSTAX,JFK,7,10_day,2016-12-13 13:07:25.567540
99028,4969851848347,MCGRAW-HILL,SNA,3,160_day,2016-12-16 06:57:15.567568
99029,4088896128351,ENGLISH PUBLICATIONS,CLT,1,130_day,2017-04-23 15:16:43.567606
99030,6297479656756,ENGLISH PUBLICATIONS,ORD,4,60_day,2016-10-18 14:48:48.567628
99031,8098654882465,MCGRAW-HILL,BNA,6,150_day,2017-06-23 09:42:50.567650
99032,4111474796820,OPENSTAX,PHL,4,60_day,2017-07-16 10:06:20.567672
99033,5404682707974,SCIPUB,LAX,2,70_day,2017-04-18 07:43:47.567694
99034,1167210907842,SCIPUB,LAX,4,40_day,2017-08-24 10:30:26.567717
99035,1417810161919,OXFORD UNIVERSITY PRESS,PHL,4,180_day,2017-01-27 11:39:46.567739
99036,3867966708913,OXFORD UNIVERSITY PRESS,EWR,1,100_day,2017-07-23 10:54:19.567762
99037,1934632317610,OXFORD UNIVERSITY PRESS,MDW,10,80_day,2017-08-21 08:42:09.567784
99038,3883351323482,MCGRAW-HILL,PDX,7,180_day,2016-11-28 15:34:58.567806
99039,9084536129025,MCGRAW-HILL,DTW,5,180_day,2016-12-08 13:01:43.567828
99040,8678147724159,MCGRAW-HILL,MCO,5,0_day,2017-08-06 12:38:04.567850
99041,2681949934109,SCIPUB,CLE,3,40_day,2016-11-06 12:41:51.567872
99042,2063128440381,MACMILLAN,SAN,5,10_day,2016-10-29 14:49:49.567894
99043,8089276649526,OPENSTAX,BWI,9,0_day,2017-01-16 15:09:06.567916
99044,5526781629606,SCIPUB,SEA,7,160_day,2017-05-01 15:30:19.567938
99045,5593179484559,OPENSTAX,IAD,9,80_day,2017-01-19 10:03:41.567960
99046,1406668287633,MACMILLAN,LAS,7,50_day,2017-03-02 10:55:30.567983
99047,2606759430927,OXFORD UNIVERSITY PRESS,SFO,10,50_day,2017-01-08 10:43:18.568005
99048,8403647336764,PEARSON,EWR,7,100_day,2017-06-06 09:24:51.568028
99049,6589848662528,ENGLISH PUBLICATIONS,LAS,2,90_day,2017-04-13 14:52:58.568050
99050,5445347709607,PENGUIN RANDOMHOUSE,CLT,2,140_day,2016-10-22 15:26:41.568072
99051,3724581155776,OPENSTAX,RDU,10,100_day,2017-07-12 11:19:42.568094
99052,4623512191047,PEARSON,BNA,10,180_day,2016-11-21 07:07:32.568117
99053,8030699377888,MACMILLAN,MIA,2,100_day,2016-12-19 13:32:31.568139
99054,0633375044206,PENGUIN RANDOMHOUSE,AUS,5,20_day,2017-04-18 08:11:08.568161
99055,7117157691083,ENGLISH PUBLICATIONS,ATL,8,150_day,2016-11-05 08:14:20.568183
99056,9068372379846,OPENSTAX,RDU,5,80_day,2017-06-11 15:30:38.568205
99057,4005038375921,MACMILLAN,MSP,9,0_day,2017-01-27 08:13:28.568228
99058,6421151476180,MCGRAW-HILL,PHX,3,130_day,2017-04-14 15:30:34.568250
99059,6421812802098,PENGUIN RANDOMHOUSE,ORD,2,60_day,2017-05-16 07:56:47.568272
99060,8160976654889,MCGRAW-HILL,ATL,8,110_day,2016-12-09 12:27:39.568294
99061,7916386089716,ENGLISH PUBLICATIONS,IAD,2,90_day,2017-07-11 07:50:38.568316
99062,5741825290384,OPENSTAX,LAS,2,150_day,2017-08-10 08:07:53.568338
99063,8726251650211,PEARSON,CLT,4,30_day,2017-02-08 13:20:34.568361
99064,9560061088234,MACMILLAN,HNL,1,80_day,2017-09-01 12:42:53.568383
99065,5347407575760,ENGLISH PUBLICATIONS,STL,6,70_day,2016-11-14 09:13:56.568405
99066,3434299485939,MCGRAW-HILL,IAH,10,110_day,2017-07-16 07:49:29.568427
99067,1437206838076,MACMILLAN,PHX,1,130_day,2017-07-16 06:44:32.568450
99068,5161479471697,ENGLISH PUBLICATIONS,LAX,8,70_day,2017-09-03 06:55:34.568472
99069,7429516531471,PEARSON,LAX,2,10_day,2017-07-22 10:21:59.568494
99070,6360673190331,OPENSTAX,DTW,2,40_day,2016-11-01 13:44:51.568516
99071,8084634210192,OXFORD UNIVERSITY PRESS,DEN,3,50_day,2017-03-22 11:58:46.568538
99072,4476967057495,MACMILLAN,PHL,8,70_day,2017-08-31 07:10:26.568560
99073,6995447340762,OPENSTAX,SNA,7,90_day,2017-05-10 12:59:29.568582
99074,9287065840167,MACMILLAN,DTW,2,110_day,2017-01-31 14:05:32.568604
99075,8950010027276,ENGLISH PUBLICATIONS,DCA,1,0_day,2017-07-02 12:42:48.568631
99076,4724505778308,OXFORD UNIVERSITY PRESS,MDW,10,170_day,2017-04-28 09:16:21.568654
99077,7707031806909,MACMILLAN,ATL,7,50_day,2017-02-04 08:03:41.568677
99078,9500823040461,MACMILLAN,RDU,6,150_day,2017-06-02 13:09:50.568699
99079,8607823933421,PEARSON,IAD,8,90_day,2017-05-25 15:40:26.568722
99080,4256750919673,OPENSTAX,LGA,2,50_day,2017-03-23 07:25:31.568744
99081,7883411799790,ENGLISH PUBLICATIONS,DFW,7,150_day,2017-07-11 07:39:54.568766
99082,4191800484301,MCGRAW-HILL,MDW,1,20_day,2016-12-05 07:23:59.568788
99083,3579016851590,OPENSTAX,CLT,9,10_day,2017-07-11 10:02:07.568810
99084,5072747825290,SCIPUB,SNA,8,40_day,2017-08-14 10:29:43.568832
99085,6881337186794,ENGLISH PUBLICATIONS,MCI,6,140_day,2017-05-30 11:26:39.568854
99086,5863802744191,PEARSON,IAH,9,30_day,2017-06-15 12:40:31.568876
99087,8011183894974,OXFORD UNIVERSITY PRESS,STL,6,50_day,2017-04-25 13:32:20.568898
99088,0725770981932,MACMILLAN,BWI,9,180_day,2016-10-16 10:32:41.568920
99089,4083957424296,ENGLISH PUBLICATIONS,LAS,9,70_day,2017-01-07 10:16:44.568943
99090,9163810378053,MCGRAW-HILL,FLL,10,90_day,2017-06-13 09:19:33.568965
99091,6820816705673,MCGRAW-HILL,JFK,5,10_day,2017-04-07 14:24:14.568988
99092,3702885320955,SCIPUB,CLE,7,170_day,2017-04-02 13:51:57.569010
99093,2000957589217,PENGUIN RANDOMHOUSE,MIA,1,70_day,2016-10-21 10:51:23.569032
99094,0357853354847,PENGUIN RANDOMHOUSE,IAD,1,100_day,2017-01-02 13:53:13.569054
99095,2891855919271,SCIPUB,DCA,1,150_day,2017-01-26 08:25:49.569076
99096,3246538546088,PENGUIN RANDOMHOUSE,IAH,1,160_day,2017-02-23 14:38:02.569099
99097,3081667200883,PENGUIN RANDOMHOUSE,MDW,7,100_day,2017-09-09 11:27:40.569121
99098,7163336586209,OPENSTAX,OAK,8,120_day,2017-03-12 11:35:41.569143
99099,5403439014622,OXFORD UNIVERSITY PRESS,JFK,10,50_day,2017-06-08 11:03:00.569166
99100,5879390378516,ENGLISH PUBLICATIONS,MIA,8,70_day,2017-06-03 07:31:29.569188
99101,5391139897327,MCGRAW-HILL,ORD,9,40_day,2017-03-07 15:07:25.569210
99102,8478821402010,OXFORD UNIVERSITY PRESS,MSP,4,60_day,2016-12-20 14:43:07.569232
99103,8302825324488,OPENSTAX,TPA,6,140_day,2017-09-04 12:37:56.569255
99104,7304992982062,ENGLISH PUBLICATIONS,DCA,9,0_day,2016-12-11 13:06:30.569277
99105,8405347971639,MACMILLAN,PHX,1,60_day,2017-01-29 12:49:53.569299
99106,1627307954410,PEARSON,ATL,1,50_day,2017-07-12 09:20:53.569321
99107,8971944631384,MACMILLAN,OAK,1,150_day,2017-04-15 10:48:06.569344
99108,5116189111640,PEARSON,DFW,6,90_day,2017-07-06 10:46:47.569366
99109,4918597994398,OXFORD UNIVERSITY PRESS,RDU,5,140_day,2017-06-03 12:40:38.569388
99110,3645688901386,PENGUIN RANDOMHOUSE,BOS,4,90_day,2016-10-28 12:24:59.569410
99111,8072819275928,MCGRAW-HILL,ORD,5,60_day,2016-12-16 09:50:58.569432
99112,5887995528823,MACMILLAN,CLT,10,130_day,2017-03-20 08:56:12.569455
99113,9073419035979,PEARSON,DCA,10,40_day,2017-04-24 08:57:40.569477
99114,8122174951416,ENGLISH PUBLICATIONS,PHL,2,170_day,2017-04-09 14:40:40.569499
99115,3469788673280,ENGLISH PUBLICATIONS,STL,7,70_day,2017-03-18 10:55:29.569521
99116,3722118378020,PENGUIN RANDOMHOUSE,JFK,6,110_day,2017-06-30 08:27:55.569544
99117,3856977912268,SCIPUB,MCI,2,150_day,2017-04-08 12:17:32.569566
99118,1894492120699,MCGRAW-HILL,FLL,10,50_day,2017-03-28 10:42:27.569588
99119,6348718096424,OXFORD UNIVERSITY PRESS,HOU,4,50_day,2016-11-02 11:13:05.569611
99120,3207330326818,MACMILLAN,SLC,2,140_day,2017-06-20 08:16:25.569633
99121,0616244887013,SCIPUB,SAN,3,60_day,2017-04-26 09:42:34.569655
99122,5735383953532,PEARSON,SLC,5,180_day,2016-12-27 06:44:52.569677
99123,4906297041949,OPENSTAX,MSP,6,100_day,2017-05-26 11:40:58.569702
99124,2900657391233,OPENSTAX,BNA,4,150_day,2017-05-17 15:15:06.569724
99125,3693776568367,MACMILLAN,DEN,2,130_day,2017-05-18 14:24:33.569746
99126,5395269376049,ENGLISH PUBLICATIONS,OAK,7,160_day,2017-04-07 15:42:36.569768
99127,4509723594451,MCGRAW-HILL,IAH,6,40_day,2017-02-12 11:00:15.569790
99128,6231220561584,MACMILLAN,FLL,1,160_day,2017-04-10 07:04:23.569812
99129,2394637217371,MACMILLAN,BNA,8,150_day,2017-06-23 08:02:11.569856
99130,0667508769870,OXFORD UNIVERSITY PRESS,STL,5,100_day,2017-09-09 07:08:47.569898
99131,1625843285995,OXFORD UNIVERSITY PRESS,FLL,8,70_day,2017-09-01 11:58:09.569921
99132,8732176496693,PEARSON,HNL,6,180_day,2016-10-31 14:25:41.569943
99133,4002407140959,MACMILLAN,SMF,1,140_day,2017-05-16 09:30:28.569966
99134,9175229200900,OXFORD UNIVERSITY PRESS,OAK,9,90_day,2017-06-24 07:53:23.569988
99135,8411491827764,OPENSTAX,HNL,7,30_day,2016-10-16 07:16:33.570010
99136,9921102467056,PEARSON,MIA,5,30_day,2016-11-14 14:42:32.570033
99137,2155632784203,ENGLISH PUBLICATIONS,SFO,4,70_day,2017-05-14 14:35:22.570055
99138,1040482242323,OPENSTAX,SLC,10,70_day,2017-01-23 13:34:43.570077
99139,4949255331848,PENGUIN RANDOMHOUSE,DTW,1,0_day,2017-02-18 09:59:29.570099
99140,3296847069615,ENGLISH PUBLICATIONS,SLC,4,170_day,2017-06-19 08:01:19.570122
99141,6778969201971,OPENSTAX,MCI,2,120_day,2017-01-13 14:57:03.570144
99142,6455127409609,MCGRAW-HILL,SNA,7,180_day,2017-04-08 09:25:22.570166
99143,9783658292904,PENGUIN RANDOMHOUSE,ATL,6,180_day,2016-12-27 11:28:28.570188
99144,5739833082892,PENGUIN RANDOMHOUSE,CLT,9,100_day,2017-05-06 09:37:09.570210
99145,0926889346680,MCGRAW-HILL,PHX,6,30_day,2017-08-31 12:52:41.570232
99146,8210490181446,OPENSTAX,FLL,4,150_day,2017-03-05 14:07:34.570254
99147,1783999434754,PEARSON,BOS,6,120_day,2017-05-20 08:34:31.570276
99148,3259108868268,ENGLISH PUBLICATIONS,CLE,3,40_day,2017-02-08 14:36:59.570299
99149,6714361095258,OPENSTAX,SLC,7,110_day,2016-10-21 15:19:28.570321
99150,9905288708416,MACMILLAN,LAS,10,160_day,2016-12-15 14:31:40.570343
99151,6970965203578,OPENSTAX,MIA,6,50_day,2017-08-06 10:18:49.570366
99152,0271377010079,ENGLISH PUBLICATIONS,FLL,1,150_day,2017-01-12 08:09:49.570388
99153,5808443951582,OPENSTAX,AUS,4,70_day,2017-01-10 08:34:38.570410
99154,3458127182288,SCIPUB,CLE,10,10_day,2017-05-02 15:18:22.570432
99155,4662477859259,ENGLISH PUBLICATIONS,MCO,8,160_day,2017-04-15 08:20:41.570454
99156,2161532845916,SCIPUB,BOS,5,10_day,2017-06-03 09:16:38.570476
99157,8507183497143,PENGUIN RANDOMHOUSE,MCO,9,70_day,2017-04-06 12:33:52.570498
99158,9506983210010,OPENSTAX,MCO,5,170_day,2017-06-25 10:16:06.570520
99159,8382817667939,ENGLISH PUBLICATIONS,MIA,1,40_day,2016-11-26 08:36:26.570542
99160,4719624709312,PENGUIN RANDOMHOUSE,PHX,1,10_day,2017-07-31 10:53:34.570564
99161,4033845825358,PEARSON,PHL,4,0_day,2017-07-05 12:41:05.570586
99162,1150783559734,OXFORD UNIVERSITY PRESS,AUS,4,80_day,2017-01-10 08:33:13.570609
99163,2671976052811,MCGRAW-HILL,BWI,3,100_day,2017-08-29 06:43:52.570631
99164,3455493446991,OXFORD UNIVERSITY PRESS,DCA,9,120_day,2016-10-31 12:42:15.570668
99165,5442111247380,ENGLISH PUBLICATIONS,BNA,9,110_day,2017-08-10 12:17:29.570745
99166,1470208106714,OXFORD UNIVERSITY PRESS,SFO,7,0_day,2016-10-15 09:17:21.570793
99167,3179751202806,MCGRAW-HILL,LAX,9,130_day,2017-07-14 09:35:39.570850
99168,8050027033131,PEARSON,SLC,6,180_day,2017-05-23 14:11:29.570888
99169,4071827646161,ENGLISH PUBLICATIONS,IAH,3,140_day,2016-12-24 15:00:13.570913
99170,3495871772192,MCGRAW-HILL,BNA,4,120_day,2017-06-12 13:12:26.570936
99171,5087995870648,OPENSTAX,CLE,6,30_day,2016-11-22 09:21:59.570958
99172,5267351921225,MCGRAW-HILL,SFO,8,20_day,2017-08-14 08:42:18.570980
99173,0777601881170,MACMILLAN,SFO,10,120_day,2017-03-20 15:29:04.571003
99174,0242608354815,ENGLISH PUBLICATIONS,MCO,8,110_day,2017-05-23 13:42:34.571025
99175,7764939235849,SCIPUB,DTW,6,40_day,2017-06-18 12:57:43.571048
99176,2879495224796,OXFORD UNIVERSITY PRESS,DCA,6,180_day,2016-12-16 06:59:37.571071
99177,2921715867315,OPENSTAX,MSP,5,140_day,2016-12-07 12:06:55.571093
99178,3771171500802,MCGRAW-HILL,AUS,6,170_day,2017-06-21 13:59:13.571115
99179,3689805133885,MCGRAW-HILL,JFK,5,30_day,2016-11-21 11:09:43.571137
99180,6338418239308,PENGUIN RANDOMHOUSE,RDU,2,80_day,2017-07-16 14:34:54.571159
99181,7557325712317,SCIPUB,MSP,6,150_day,2017-03-07 09:18:57.571181
99182,4711674892694,OPENSTAX,BWI,9,90_day,2017-01-18 12:02:47.571203
99183,4635404645539,PENGUIN RANDOMHOUSE,DTW,1,120_day,2017-02-10 15:16:00.571225
99184,4161064733283,MACMILLAN,DFW,4,160_day,2016-12-27 14:56:47.571253
99185,7743783874384,MACMILLAN,SAN,1,120_day,2017-08-15 15:21:49.571275
99186,3868476746295,SCIPUB,MIA,10,130_day,2017-01-14 15:19:10.571297
99187,3488451615717,OXFORD UNIVERSITY PRESS,SFO,10,40_day,2017-07-20 13:56:01.571319
99188,9264530937365,ENGLISH PUBLICATIONS,BWI,2,180_day,2017-04-12 12:38:27.571341
99189,1268699805215,ENGLISH PUBLICATIONS,HOU,5,10_day,2016-11-22 09:34:50.571363
99190,2971125337845,PENGUIN RANDOMHOUSE,BOS,6,60_day,2017-07-09 10:09:04.571386
99191,7848537371773,PENGUIN RANDOMHOUSE,MIA,4,30_day,2017-05-21 10:01:19.571428
99192,4882807185408,PENGUIN RANDOMHOUSE,LAS,7,60_day,2017-07-20 09:55:21.571468
99193,7742114213009,MCGRAW-HILL,MDW,3,10_day,2017-04-13 14:45:40.571508
99194,0920020695758,PENGUIN RANDOMHOUSE,PDX,5,110_day,2016-11-17 07:53:01.571547
99195,2499498694624,MCGRAW-HILL,SFO,10,50_day,2017-06-06 11:00:51.571587
99196,2878456556135,SCIPUB,DFW,8,110_day,2016-12-04 14:10:38.571627
99197,1733915098866,ENGLISH PUBLICATIONS,JFK,9,50_day,2017-06-03 08:13:40.571667
99198,9013415071807,OXFORD UNIVERSITY PRESS,AUS,3,110_day,2017-02-14 10:48:15.571706
99199,4223539044340,ENGLISH PUBLICATIONS,MSP,5,90_day,2017-09-05 07:49:01.571746
99200,7707211245891,MACMILLAN,BWI,10,20_day,2016-11-29 07:10:10.571786
99201,8830806315193,OXFORD UNIVERSITY PRESS,HNL,10,20_day,2017-02-04 12:32:40.571825
99202,7137293628699,MCGRAW-HILL,JFK,8,120_day,2016-11-24 11:50:54.571865
99203,1402981951266,PENGUIN RANDOMHOUSE,SMF,8,60_day,2017-06-25 13:50:09.571905
99204,6109725796462,OPENSTAX,PHL,10,180_day,2016-12-16 10:26:23.571946
99205,6383531845900,OPENSTAX,ATL,2,130_day,2017-02-16 14:17:52.571985
99206,5528045342330,MACMILLAN,SLC,8,10_day,2017-05-14 10:15:28.572025
99207,1012458216513,OXFORD UNIVERSITY PRESS,RDU,2,110_day,2017-06-13 12:38:02.572065
99208,6713165473595,MACMILLAN,CLT,7,80_day,2017-01-13 13:29:49.572104
99209,7810611382180,PENGUIN RANDOMHOUSE,STL,4,90_day,2017-06-21 09:45:42.572144
99210,6478176494139,ENGLISH PUBLICATIONS,AUS,7,80_day,2017-02-03 11:00:38.572184
99211,0513111518767,SCIPUB,OAK,3,0_day,2016-12-09 15:17:52.572224
99212,6684936606514,SCIPUB,SLC,10,150_day,2016-11-16 12:09:41.572263
99213,9175956286556,PENGUIN RANDOMHOUSE,SEA,2,60_day,2017-07-10 15:18:16.572303
99214,2043330221368,OXFORD UNIVERSITY PRESS,MDW,10,110_day,2017-09-03 14:24:56.572343
99215,9908893382576,PENGUIN RANDOMHOUSE,HOU,10,180_day,2017-04-16 14:02:02.572383
99216,0965484313676,PEARSON,MCO,1,170_day,2017-04-11 09:35:02.572423
99217,6683456031339,OXFORD UNIVERSITY PRESS,IAD,1,100_day,2016-12-03 13:43:33.572463
99218,1553288297231,MCGRAW-HILL,MDW,8,50_day,2017-02-22 07:34:02.572502
99219,0980991643359,OXFORD UNIVERSITY PRESS,MIA,5,160_day,2017-02-24 14:20:45.572544
99220,4717997841677,ENGLISH PUBLICATIONS,HOU,3,20_day,2017-05-27 09:27:17.572583
99221,0443840203640,MCGRAW-HILL,PHX,3,50_day,2017-04-16 09:17:32.572623
99222,3912060588398,OPENSTAX,RDU,5,40_day,2017-03-22 07:59:21.572662
99223,8082827257703,SCIPUB,STL,6,120_day,2017-05-04 11:18:34.572702
99224,0967419804834,OPENSTAX,JFK,8,30_day,2017-05-19 09:34:16.572742
99225,9062555096014,SCIPUB,MCO,5,100_day,2017-05-04 08:53:50.572781
99226,9347440432833,PEARSON,IAH,9,140_day,2017-03-13 14:41:21.572820
99227,7934591766440,MCGRAW-HILL,PHL,6,80_day,2017-06-30 06:54:33.572859
99228,2349151273852,ENGLISH PUBLICATIONS,DEN,8,170_day,2017-07-06 08:58:46.572899
99229,8546178276648,PENGUIN RANDOMHOUSE,PHX,10,100_day,2016-11-06 09:26:57.572939
99230,3230038620983,OXFORD UNIVERSITY PRESS,SNA,2,170_day,2017-06-13 13:58:41.572979
99231,3916582587205,OXFORD UNIVERSITY PRESS,DTW,6,0_day,2017-02-17 13:33:19.573018
99232,6386666534747,OXFORD UNIVERSITY PRESS,SMF,9,0_day,2016-12-03 13:10:47.573058
99233,2941979332229,MCGRAW-HILL,FLL,7,120_day,2017-03-19 12:00:16.573099
99234,0308395956930,MACMILLAN,SLC,4,80_day,2017-03-09 09:00:34.573139
99235,9324554362642,OXFORD UNIVERSITY PRESS,SMF,10,160_day,2016-11-07 07:09:27.573179
99236,4919625360876,PEARSON,IAH,4,160_day,2017-02-23 07:37:39.573218
99237,1228688572227,SCIPUB,ORD,5,50_day,2017-05-02 14:31:31.573258
99238,3968554744550,ENGLISH PUBLICATIONS,CLT,1,140_day,2017-02-03 07:30:01.573302
99239,1837024955277,MACMILLAN,DFW,1,120_day,2017-02-27 15:29:16.573342
99240,1713092665240,MACMILLAN,HOU,10,100_day,2017-04-12 15:36:17.573382
99241,9961874081977,ENGLISH PUBLICATIONS,PHX,8,30_day,2017-05-22 12:09:13.573422
99242,3326402679509,ENGLISH PUBLICATIONS,DFW,6,130_day,2017-03-03 08:16:37.573462
99243,9531577313977,PEARSON,IAD,5,70_day,2017-01-15 14:50:22.573501
99244,7714507735875,PEARSON,SFO,9,140_day,2017-07-29 13:10:40.573541
99245,3348531416380,OPENSTAX,MCO,2,30_day,2017-02-14 14:30:06.573580
99246,8937109737724,SCIPUB,BWI,1,30_day,2017-03-17 14:33:31.573619
99247,6318326906565,PEARSON,FLL,2,120_day,2016-12-18 09:25:41.573661
99248,2183818245901,PEARSON,MCO,5,90_day,2017-04-19 11:24:37.573701
99249,7220716529846,OXFORD UNIVERSITY PRESS,DTW,3,120_day,2017-08-04 07:18:52.573740
99250,2099771716878,MCGRAW-HILL,RDU,6,60_day,2016-11-26 13:41:54.573780
99251,4320238712705,ENGLISH PUBLICATIONS,HOU,8,140_day,2017-07-12 13:21:28.573820
99252,4680121209046,OXFORD UNIVERSITY PRESS,LAS,2,50_day,2017-01-20 12:07:38.573860
99253,7304131589326,SCIPUB,DTW,8,0_day,2017-01-09 12:45:49.573899
99254,2232153233392,OPENSTAX,MCO,7,140_day,2017-05-23 10:43:11.573938
99255,5034710168487,OXFORD UNIVERSITY PRESS,SMF,5,80_day,2017-04-17 15:22:22.573979
99256,1478221703084,SCIPUB,FLL,1,120_day,2017-04-28 14:09:08.574018
99257,8383185333777,MACMILLAN,SMF,3,0_day,2017-03-27 09:05:45.574058
99258,4446876650699,PEARSON,DCA,4,160_day,2017-09-06 10:00:54.574097
99259,7551337793798,MCGRAW-HILL,CLE,10,40_day,2017-04-18 12:39:57.574137
99260,5637558952551,SCIPUB,IAD,5,140_day,2016-12-30 15:13:30.574176
99261,5227478319179,OXFORD UNIVERSITY PRESS,SMF,10,30_day,2017-06-19 07:31:41.574218
99262,8190009968555,OXFORD UNIVERSITY PRESS,SNA,9,150_day,2017-05-10 11:38:07.574258
99263,0461624992246,SCIPUB,SNA,1,30_day,2017-04-22 12:30:47.574297
99264,2747795130642,PEARSON,MDW,1,20_day,2017-03-23 09:47:16.574337
99265,4356335388038,OPENSTAX,SLC,4,100_day,2017-02-28 10:38:56.574377
99266,3234263387178,PENGUIN RANDOMHOUSE,EWR,6,0_day,2016-12-06 07:25:05.574416
99267,3529355813311,SCIPUB,HOU,7,0_day,2017-02-15 08:26:45.574456
99268,0637705480570,SCIPUB,STL,9,120_day,2017-06-21 13:55:47.574495
99269,4701513615382,MACMILLAN,DTW,4,180_day,2017-03-20 12:19:00.574535
99270,8585471260891,SCIPUB,DTW,8,140_day,2016-11-04 09:31:28.574574
99271,3809305663856,SCIPUB,SLC,6,130_day,2016-11-23 14:24:45.574614
99272,5237412549198,MACMILLAN,MIA,6,120_day,2017-03-06 15:17:55.574653
99273,9504339972501,ENGLISH PUBLICATIONS,MSP,10,90_day,2016-11-05 13:32:49.574693
99274,2874184375935,ENGLISH PUBLICATIONS,DCA,2,180_day,2017-08-29 07:38:17.574733
99275,4186838659318,SCIPUB,SNA,5,100_day,2017-02-17 11:31:30.574773
99276,7745705876259,OXFORD UNIVERSITY PRESS,SNA,4,140_day,2017-04-05 14:17:04.574816
99277,1468974055035,OPENSTAX,PHX,9,0_day,2017-03-13 06:43:22.574864
99278,8018503596458,OPENSTAX,OAK,10,50_day,2017-01-02 12:47:44.574896
99279,4413490632574,OXFORD UNIVERSITY PRESS,MIA,1,100_day,2017-01-18 07:53:48.574927
99280,3660435035253,OPENSTAX,IAD,7,80_day,2017-02-07 06:57:05.574959
99281,5318387932292,OXFORD UNIVERSITY PRESS,BNA,1,70_day,2017-05-16 13:36:01.574991
99282,2126394648538,OPENSTAX,MCO,8,70_day,2017-03-05 09:20:16.575023
99283,2068491367065,PENGUIN RANDOMHOUSE,SFO,10,50_day,2017-07-29 07:24:46.575054
99284,2938616250152,MACMILLAN,BOS,9,150_day,2016-12-14 11:10:40.575086
99285,5907938258561,MCGRAW-HILL,SLC,6,50_day,2017-08-18 07:26:51.575118
99286,4793825588222,MACMILLAN,BOS,8,50_day,2017-06-09 09:21:41.575149
99287,7309943788805,PEARSON,MIA,8,110_day,2017-09-10 11:05:49.575181
99288,5688469613585,PEARSON,TPA,3,10_day,2017-03-25 07:24:33.575212
99289,1060112664446,PEARSON,RDU,7,160_day,2017-02-25 12:43:00.575245
99290,2568860557468,SCIPUB,RDU,1,170_day,2017-03-17 15:35:05.575277
99291,2777603705391,OXFORD UNIVERSITY PRESS,MSP,8,0_day,2017-09-08 07:19:48.575308
99292,3724778774662,SCIPUB,TPA,7,20_day,2017-06-17 15:31:22.575340
99293,8702076361615,PENGUIN RANDOMHOUSE,MIA,1,160_day,2017-05-21 08:41:24.575372
99294,1077622064501,PEARSON,IAD,6,160_day,2017-01-21 09:13:46.575406
99295,8010800937407,MACMILLAN,STL,2,90_day,2017-01-09 13:52:58.575438
99296,5792484906263,MACMILLAN,AUS,2,170_day,2016-12-14 11:53:22.575470
99297,3124277377053,PENGUIN RANDOMHOUSE,ATL,7,80_day,2017-01-21 09:53:56.575502
99298,8440625770249,OXFORD UNIVERSITY PRESS,MDW,10,50_day,2017-06-06 07:54:19.575534
99299,9368119602537,MACMILLAN,DFW,4,90_day,2016-11-16 15:37:23.575566
99300,1827096658814,MCGRAW-HILL,PHX,1,150_day,2017-03-15 06:49:25.575598
99301,2366110797618,MACMILLAN,DFW,1,120_day,2016-11-10 10:52:50.575629
99302,3664021326929,SCIPUB,ATL,5,80_day,2017-04-05 07:35:26.575661
99303,0661255394026,ENGLISH PUBLICATIONS,CLE,10,180_day,2017-04-10 09:57:47.575693
99304,5844590371486,MACMILLAN,ORD,2,120_day,2017-03-23 14:28:36.575726
99305,0185839569965,MACMILLAN,DFW,3,90_day,2017-02-08 12:43:36.575757
99306,3039819100931,MCGRAW-HILL,IAD,4,130_day,2016-11-08 13:56:27.575789
99307,7482785662175,MCGRAW-HILL,MCI,6,30_day,2017-02-06 07:03:32.575820
99308,6322969451658,PEARSON,HNL,6,20_day,2017-06-03 14:57:21.575851
99309,8163028975290,OXFORD UNIVERSITY PRESS,PDX,3,20_day,2016-10-16 13:19:55.575883
99310,6104647349645,OXFORD UNIVERSITY PRESS,IAH,3,50_day,2017-04-02 12:27:06.575915
99311,3858359347851,MACMILLAN,SLC,6,160_day,2017-05-07 08:02:09.575946
99312,6576598502251,OXFORD UNIVERSITY PRESS,DFW,6,70_day,2016-11-29 12:03:39.575978
99313,4174834964627,PENGUIN RANDOMHOUSE,PDX,8,70_day,2017-05-03 12:27:06.576010
99314,1134685666480,OXFORD UNIVERSITY PRESS,DEN,3,180_day,2017-06-10 08:16:35.576042
99315,9144466294587,PENGUIN RANDOMHOUSE,EWR,6,110_day,2016-12-24 08:48:26.576073
99316,2398639492522,MCGRAW-HILL,AUS,9,0_day,2016-10-30 07:59:39.576105
99317,3715240984319,ENGLISH PUBLICATIONS,CLT,7,50_day,2017-09-10 07:53:32.576137
99318,8353498819570,MCGRAW-HILL,HNL,7,70_day,2017-06-20 09:09:29.576170
99319,8374422487849,SCIPUB,SEA,6,140_day,2017-05-08 14:50:41.576201
99320,2064237247861,PENGUIN RANDOMHOUSE,SNA,3,180_day,2016-11-15 07:32:52.576233
99321,7022563240423,MCGRAW-HILL,SFO,6,50_day,2017-05-19 06:58:58.576265
99322,2945344948063,PENGUIN RANDOMHOUSE,CLE,5,100_day,2017-05-09 12:37:53.576297
99323,0425250538776,MCGRAW-HILL,CLT,7,180_day,2016-12-25 11:21:41.576328
99324,3541488956187,PENGUIN RANDOMHOUSE,TPA,9,70_day,2017-03-27 10:48:01.576360
99325,4180293296303,MACMILLAN,MCO,4,70_day,2017-06-09 10:50:12.576392
99326,6149727747300,PEARSON,BNA,9,40_day,2017-05-29 11:25:45.576423
99327,9109894797919,MCGRAW-HILL,STL,6,150_day,2017-06-23 15:28:26.576455
99328,6384511459193,MCGRAW-HILL,BOS,2,50_day,2017-04-15 07:16:10.576487
99329,8902077514609,SCIPUB,CLE,8,170_day,2017-06-16 12:58:46.576518
99330,3940709606574,PENGUIN RANDOMHOUSE,CLE,5,90_day,2017-03-08 06:48:00.576550
99331,2762994828736,ENGLISH PUBLICATIONS,SLC,10,60_day,2017-04-11 12:35:49.576582
99332,8760555104558,ENGLISH PUBLICATIONS,JFK,1,160_day,2016-10-31 13:10:18.576614
99333,9908636023120,ENGLISH PUBLICATIONS,IAH,4,180_day,2017-07-27 12:39:46.576646
99334,7732895513127,MCGRAW-HILL,HOU,6,30_day,2016-12-06 12:22:31.576678
99335,7890745351303,MCGRAW-HILL,JFK,6,100_day,2016-11-21 15:09:49.576710
99336,4662101229562,OXFORD UNIVERSITY PRESS,OAK,8,10_day,2016-11-18 15:33:12.576741
99337,3052701870140,MCGRAW-HILL,JFK,4,120_day,2016-12-23 11:51:42.576773
99338,7546129169456,MCGRAW-HILL,OAK,2,110_day,2017-08-23 08:08:40.576805
99339,7939839090562,OPENSTAX,SEA,9,10_day,2017-06-19 07:35:06.576836
99340,6382066140764,OPENSTAX,SFO,10,30_day,2017-07-17 10:28:52.576868
99341,8250795787620,SCIPUB,MCO,9,10_day,2017-06-26 15:25:23.576899
99342,2217562828455,MACMILLAN,MCI,10,110_day,2017-04-10 14:00:33.576931
99343,8579789227957,MCGRAW-HILL,MSP,6,40_day,2016-12-09 07:59:03.576962
99344,2811541810642,MCGRAW-HILL,CLE,3,180_day,2017-05-24 08:34:48.576994
99345,7718902527319,MACMILLAN,EWR,4,20_day,2017-03-06 08:17:30.577026
99346,2320341133230,MACMILLAN,IAD,2,100_day,2017-06-27 15:39:01.577067
99347,2441215796433,SCIPUB,LAX,7,20_day,2016-10-25 12:16:57.577099
99348,0860869875195,PEARSON,LAS,3,160_day,2016-12-22 10:47:27.577131
99349,4916479931841,OPENSTAX,FLL,10,40_day,2017-07-21 14:32:02.577167
99350,1084609824348,OPENSTAX,PHX,1,40_day,2016-11-06 10:52:18.577199
99351,4487343893285,OXFORD UNIVERSITY PRESS,AUS,9,20_day,2017-08-29 09:05:43.577231
99352,2325799232165,SCIPUB,CLE,8,140_day,2017-06-22 12:19:45.577262
99353,7866348662650,SCIPUB,BOS,7,120_day,2016-11-10 14:27:23.577293
99354,0733933575864,PEARSON,CLT,1,130_day,2016-11-22 14:23:57.577325
99355,6203744823143,MACMILLAN,BNA,5,50_day,2017-07-07 13:18:47.577356
99356,1980936833222,SCIPUB,DTW,10,90_day,2016-11-12 07:20:43.577388
99357,6468500305656,ENGLISH PUBLICATIONS,SAN,4,60_day,2017-04-14 11:23:54.577420
99358,4849368687214,PENGUIN RANDOMHOUSE,OAK,10,80_day,2017-08-16 11:39:04.577452
99359,0062947911827,PEARSON,PDX,7,150_day,2016-10-25 12:32:01.577483
99360,8205737737580,OPENSTAX,HNL,1,50_day,2017-05-17 10:50:33.577516
99361,3609126983679,SCIPUB,IAH,1,180_day,2017-03-15 11:58:23.577548
99362,4336596041616,PENGUIN RANDOMHOUSE,LAX,4,100_day,2017-02-27 07:49:10.577580
99363,5733234442388,MCGRAW-HILL,PDX,5,140_day,2016-11-12 10:16:21.577612
99364,5054139179485,MACMILLAN,SMF,1,70_day,2016-11-24 14:32:36.577644
99365,2104642968838,OPENSTAX,EWR,6,70_day,2017-07-06 15:15:37.577675
99366,5612745610537,PENGUIN RANDOMHOUSE,STL,4,150_day,2016-11-21 15:24:23.577707
99367,6359664031037,SCIPUB,SNA,2,90_day,2017-07-24 15:17:34.577738
99368,6868856800646,SCIPUB,CLE,4,60_day,2017-02-21 08:23:34.577770
99369,4194532515170,PENGUIN RANDOMHOUSE,MCO,8,20_day,2017-03-27 13:21:40.577801
99370,3997979147414,ENGLISH PUBLICATIONS,SMF,4,60_day,2017-02-09 15:17:40.577833
99371,4361016464664,MACMILLAN,BNA,9,90_day,2017-04-27 11:06:29.577864
99372,2085341673050,PENGUIN RANDOMHOUSE,BWI,4,140_day,2017-06-26 06:42:28.577896
99373,8836802617989,ENGLISH PUBLICATIONS,HOU,10,20_day,2017-01-25 11:52:43.577928
99374,8272078550144,OPENSTAX,SFO,9,100_day,2017-06-25 14:01:23.577959
99375,7414638149847,OPENSTAX,IAD,10,70_day,2017-08-12 08:34:27.577992
99376,1584461094906,MACMILLAN,BNA,7,40_day,2017-06-23 12:44:15.578024
99377,8660464769977,PEARSON,JFK,2,40_day,2017-02-10 15:04:03.578055
99378,3240393222151,PENGUIN RANDOMHOUSE,MDW,1,90_day,2017-02-25 10:23:54.578087
99379,4520259470069,OXFORD UNIVERSITY PRESS,LAX,10,150_day,2017-02-01 08:34:05.578119
99380,2171501374924,PENGUIN RANDOMHOUSE,CLE,3,100_day,2016-12-06 10:27:26.578151
99381,2589276504539,OXFORD UNIVERSITY PRESS,PHX,4,80_day,2017-07-22 15:29:11.578183
99382,4943152322085,MACMILLAN,MCO,8,160_day,2017-04-09 15:10:37.578215
99383,4718731409125,PENGUIN RANDOMHOUSE,SNA,7,130_day,2017-09-04 15:38:15.578246
99384,3275287227060,ENGLISH PUBLICATIONS,STL,3,110_day,2016-12-10 14:18:07.578278
99385,0201129950731,OXFORD UNIVERSITY PRESS,OAK,3,80_day,2017-08-30 12:17:17.578310
99386,7807884077139,MCGRAW-HILL,BWI,3,60_day,2016-11-26 07:24:15.578341
99387,4562783751580,PEARSON,ATL,8,80_day,2016-12-24 13:42:34.578373
99388,8698185306314,ENGLISH PUBLICATIONS,EWR,7,160_day,2016-12-05 11:41:53.578404
99389,6509390925391,OPENSTAX,RDU,2,60_day,2017-05-16 08:09:19.578437
99390,7744851355291,OPENSTAX,SMF,10,120_day,2017-03-25 13:54:30.578469
99391,6656498846427,MCGRAW-HILL,DFW,9,30_day,2016-11-16 08:00:56.578501
99392,5909634107137,PENGUIN RANDOMHOUSE,SFO,9,100_day,2017-04-03 12:31:00.578533
99393,2326416452334,MACMILLAN,SLC,3,160_day,2017-05-03 10:20:38.578564
99394,6279475751394,MACMILLAN,DTW,6,180_day,2017-03-31 07:05:02.578596
99395,3214995975816,OXFORD UNIVERSITY PRESS,PHX,2,180_day,2017-01-20 07:49:33.578628
99396,4160724029002,OXFORD UNIVERSITY PRESS,LGA,9,80_day,2017-02-19 14:31:42.578660
99397,8071285392331,ENGLISH PUBLICATIONS,MSP,7,110_day,2016-12-30 08:56:46.578691
99398,9332498400331,PEARSON,SFO,10,30_day,2017-05-16 07:55:19.578723
99399,0860889653365,SCIPUB,SLC,5,170_day,2017-09-05 14:15:28.578755
99400,9132221477544,PENGUIN RANDOMHOUSE,STL,8,100_day,2017-08-04 12:43:29.578787
99401,8573948638888,PENGUIN RANDOMHOUSE,HNL,10,0_day,2016-10-25 13:03:58.578818
99402,6578936090497,MCGRAW-HILL,FLL,6,20_day,2017-06-15 09:51:17.578850
99403,9523669356328,OPENSTAX,DCA,10,150_day,2017-03-11 12:10:55.578886
99404,0349370676330,OXFORD UNIVERSITY PRESS,MIA,2,50_day,2017-04-08 14:26:34.578918
99405,7312308378242,OXFORD UNIVERSITY PRESS,CLE,1,0_day,2017-07-05 12:49:59.578950
99406,7936481632756,OXFORD UNIVERSITY PRESS,OAK,3,0_day,2017-02-26 08:45:07.578982
99407,9019908597381,OXFORD UNIVERSITY PRESS,OAK,3,130_day,2016-12-05 14:20:29.579014
99408,6544037429626,MCGRAW-HILL,SNA,1,20_day,2016-11-29 09:57:09.579045
99409,5702231686292,PENGUIN RANDOMHOUSE,PHX,2,0_day,2017-03-09 09:17:00.579077
99410,3066972282306,MACMILLAN,ATL,10,70_day,2017-07-14 13:31:42.579109
99411,8374382914758,PENGUIN RANDOMHOUSE,DCA,1,30_day,2016-10-28 11:31:01.579140
99412,3705566830134,MCGRAW-HILL,DEN,10,50_day,2017-06-11 15:37:35.579172
99413,9983856617207,OPENSTAX,HOU,10,160_day,2016-11-25 10:27:33.579203
99414,7555964497082,MCGRAW-HILL,MCO,9,40_day,2017-08-24 13:11:46.579235
99415,9653166838040,SCIPUB,JFK,7,60_day,2017-05-03 12:40:08.579266
99416,4593454021837,PENGUIN RANDOMHOUSE,LAS,9,70_day,2016-12-30 08:27:53.579298
99417,6266385870613,MCGRAW-HILL,MDW,7,70_day,2017-06-13 14:37:58.579331
99418,5045109218067,ENGLISH PUBLICATIONS,CLE,3,160_day,2017-06-25 09:56:18.579362
99419,8876574138669,ENGLISH PUBLICATIONS,RDU,7,40_day,2017-08-30 08:01:13.579394
99420,1916807805933,PENGUIN RANDOMHOUSE,ATL,1,0_day,2016-12-24 12:53:35.579426
99421,6903566550447,PENGUIN RANDOMHOUSE,DEN,4,100_day,2016-11-03 07:47:25.579457
99422,6946398611104,OXFORD UNIVERSITY PRESS,BWI,4,160_day,2016-12-13 10:00:39.579489
99423,5705653601702,SCIPUB,SNA,8,170_day,2017-01-13 08:54:34.579521
99424,6403110277278,OXFORD UNIVERSITY PRESS,PHL,10,80_day,2017-03-28 09:37:02.579553
99425,9998943214240,ENGLISH PUBLICATIONS,IAD,4,80_day,2017-03-04 06:43:35.579585
99426,4329208046628,MCGRAW-HILL,MIA,4,100_day,2017-04-07 07:01:59.579617
99427,6767048548294,OPENSTAX,DTW,3,90_day,2017-06-21 11:45:51.579648
99428,5731885424009,MACMILLAN,DEN,3,10_day,2017-01-07 13:48:18.579680
99429,2315880917927,SCIPUB,STL,9,110_day,2017-04-19 10:18:19.579712
99430,9461648197805,MCGRAW-HILL,SFO,1,20_day,2016-12-29 08:49:07.579743
99431,5909326662124,SCIPUB,SAN,6,150_day,2016-11-29 07:12:12.579776
99432,1910045508242,MACMILLAN,FLL,6,160_day,2016-11-27 12:40:19.579808
99433,9697094497529,MCGRAW-HILL,DTW,5,180_day,2016-10-27 13:00:53.579839
99434,3664083494412,OXFORD UNIVERSITY PRESS,ORD,8,130_day,2017-09-07 13:23:10.579872
99435,1608557583042,OXFORD UNIVERSITY PRESS,DEN,10,20_day,2016-11-09 08:11:04.579903
99436,5435932790069,OXFORD UNIVERSITY PRESS,BNA,10,130_day,2016-12-01 12:24:39.579935
99437,2232911100711,OXFORD UNIVERSITY PRESS,DEN,9,90_day,2017-06-10 08:10:33.579966
99438,7886333552565,OXFORD UNIVERSITY PRESS,HNL,6,130_day,2017-06-19 13:56:14.579998
99439,9321103135576,OPENSTAX,BWI,2,50_day,2017-08-24 09:21:04.580030
99440,0747954711779,MCGRAW-HILL,SNA,10,110_day,2017-06-14 10:25:52.580061
99441,7288869270225,PEARSON,HOU,3,150_day,2017-08-01 08:39:50.580093
99442,4482467537269,PEARSON,IAH,10,60_day,2017-03-13 13:53:06.580124
99443,8650396933535,OPENSTAX,SFO,6,140_day,2016-12-28 12:55:44.580155
99444,4986273028735,SCIPUB,CLE,3,180_day,2016-11-18 13:31:49.580187
99445,9105592878640,PEARSON,SAN,10,10_day,2017-03-01 14:43:19.580220
99446,9887204343512,SCIPUB,JFK,3,60_day,2017-03-21 12:42:23.580251
99447,4166660377718,MCGRAW-HILL,SAN,6,100_day,2017-01-01 09:50:21.580283
99448,6156065897028,MCGRAW-HILL,MSP,8,150_day,2017-04-22 10:41:31.580315
99449,5615244482953,MCGRAW-HILL,HOU,7,30_day,2016-10-31 14:39:05.580346
99450,3254952213076,ENGLISH PUBLICATIONS,HNL,10,40_day,2016-11-30 14:53:59.580378
99451,9979038756448,OPENSTAX,PHL,4,160_day,2017-02-03 12:28:19.580410
99452,1407974806281,MACMILLAN,DEN,6,130_day,2017-05-21 06:51:43.580441
99453,9866472865051,SCIPUB,PDX,6,100_day,2016-12-15 13:48:23.580473
99454,3058582880473,SCIPUB,BOS,8,160_day,2017-02-03 07:37:33.580504
99455,0179391348187,ENGLISH PUBLICATIONS,BOS,2,100_day,2017-08-14 09:57:57.580536
99456,6880234166814,PENGUIN RANDOMHOUSE,PHX,2,170_day,2017-02-18 08:32:58.580568
99457,1170388816517,PENGUIN RANDOMHOUSE,DEN,1,120_day,2017-02-23 07:55:20.580599
99458,2597506102873,SCIPUB,DFW,4,0_day,2017-02-24 09:59:43.580634
99459,0815422690958,ENGLISH PUBLICATIONS,SNA,4,140_day,2017-08-08 07:24:46.580666
99460,7472449573155,PEARSON,IAH,5,60_day,2016-11-28 11:42:30.580704
99461,2136540641726,PEARSON,PDX,10,100_day,2017-01-09 11:45:12.580738
99462,1023278118435,OPENSTAX,EWR,1,10_day,2017-04-28 09:27:00.580770
99463,8572523047742,ENGLISH PUBLICATIONS,PHL,5,0_day,2016-11-05 11:30:00.580802
99464,8890174605223,MCGRAW-HILL,BOS,5,100_day,2017-03-18 14:13:11.580833
99465,5239236170209,SCIPUB,PHL,8,40_day,2017-03-11 11:49:23.580865
99466,3264902752012,OPENSTAX,CLE,1,40_day,2017-07-22 07:13:38.580896
99467,4810090048403,OXFORD UNIVERSITY PRESS,DEN,1,100_day,2017-01-19 11:38:50.580928
99468,6474799085680,MACMILLAN,OAK,7,20_day,2016-10-16 08:59:37.580960
99469,2059845971394,PEARSON,DEN,5,150_day,2017-07-27 14:52:26.580992
99470,9674925151001,MACMILLAN,MCI,3,130_day,2017-08-21 07:26:57.581023
99471,4968382580510,MACMILLAN,SFO,2,130_day,2017-05-19 14:09:35.581055
99472,6043680549685,MACMILLAN,MCO,6,150_day,2017-07-09 11:19:44.581086
99473,5393696770654,PEARSON,CLE,2,120_day,2016-12-07 14:14:15.581117
99474,2475876876984,OPENSTAX,LAS,1,170_day,2017-03-24 11:27:05.581150
99475,6112991336253,PENGUIN RANDOMHOUSE,SMF,1,10_day,2017-02-24 10:42:39.581182
99476,3825646215168,MACMILLAN,DFW,7,100_day,2016-12-06 12:13:47.581213
99477,1971391485827,OXFORD UNIVERSITY PRESS,HOU,1,180_day,2017-08-22 12:15:17.581245
99478,2336393306911,PENGUIN RANDOMHOUSE,PHX,1,150_day,2017-07-23 13:41:07.581276
99479,0479097807124,OXFORD UNIVERSITY PRESS,FLL,2,90_day,2017-07-04 08:00:52.581312
99480,0851198019756,MCGRAW-HILL,OAK,4,140_day,2017-05-03 10:53:59.581357
99481,3441203367015,PENGUIN RANDOMHOUSE,MIA,7,120_day,2017-07-24 15:00:27.581388
99482,8403337288523,MCGRAW-HILL,IAH,3,110_day,2017-06-26 10:42:09.581437
99483,9831930496366,PENGUIN RANDOMHOUSE,FLL,1,110_day,2017-06-20 12:30:58.581501
99484,6867540258297,PEARSON,MIA,9,130_day,2017-03-02 08:43:00.581547
99485,8273033116206,ENGLISH PUBLICATIONS,LAX,5,170_day,2017-06-16 09:02:23.581579
99486,0039627392500,PEARSON,MCO,10,60_day,2016-12-04 15:28:04.581605
99487,9644134769318,MCGRAW-HILL,DCA,1,70_day,2017-03-24 14:45:46.581631
99488,4663477449220,ENGLISH PUBLICATIONS,OAK,4,140_day,2017-07-23 13:26:12.581658
99489,6583605810484,MCGRAW-HILL,BWI,2,150_day,2017-03-09 14:23:11.581683
99490,4756550599613,MCGRAW-HILL,CLE,6,20_day,2017-08-16 13:36:46.581709
99491,5944591538617,ENGLISH PUBLICATIONS,ATL,10,80_day,2016-12-14 10:20:26.581734
99492,2229641870843,PEARSON,DTW,3,170_day,2017-05-15 15:29:52.581760
99493,5681605105655,ENGLISH PUBLICATIONS,STL,1,170_day,2017-01-03 09:48:56.581785
99494,2560504943074,ENGLISH PUBLICATIONS,HNL,9,170_day,2017-07-17 07:35:30.581811
99495,1719471393785,PENGUIN RANDOMHOUSE,SMF,6,110_day,2017-01-21 12:36:58.581837
99496,2580015702525,PEARSON,LAX,8,140_day,2017-05-03 09:52:24.581862
99497,9927802618244,PEARSON,PHX,3,100_day,2017-08-28 10:54:37.581888
99498,1713578673081,MCGRAW-HILL,LAS,5,130_day,2017-06-01 07:28:31.581913
99499,0057513681168,MCGRAW-HILL,BOS,9,30_day,2017-06-07 08:00:35.581939
99500,2986871448118,MACMILLAN,ORD,8,70_day,2016-10-17 08:42:44.581964
99501,3038327195344,OXFORD UNIVERSITY PRESS,DEN,7,60_day,2017-01-05 10:39:18.581990
99502,9858522085753,PENGUIN RANDOMHOUSE,STL,5,10_day,2017-02-21 15:39:39.582016
99503,3742095450221,ENGLISH PUBLICATIONS,BNA,9,120_day,2016-11-07 09:58:16.582042
99504,2282244649958,MCGRAW-HILL,DEN,4,150_day,2017-08-11 13:24:24.582068
99505,2801371155171,PENGUIN RANDOMHOUSE,SLC,3,50_day,2017-03-28 12:02:58.582093
99506,0918128524080,ENGLISH PUBLICATIONS,OAK,10,130_day,2017-08-12 08:50:35.582119
99507,8510472242583,MACMILLAN,CLE,6,40_day,2017-06-30 09:25:49.582144
99508,4268137821647,SCIPUB,HOU,2,150_day,2017-04-14 09:36:22.582169
99509,3943275798554,OXFORD UNIVERSITY PRESS,LGA,1,20_day,2017-02-19 06:51:16.582195
99510,2333231398151,OPENSTAX,IAD,8,120_day,2016-12-12 12:24:34.582220
99511,6288288348294,PEARSON,LAX,9,150_day,2016-12-27 14:31:36.582246
99512,1690242353728,OXFORD UNIVERSITY PRESS,BOS,5,30_day,2016-10-19 13:37:59.582275
99513,3361493297008,SCIPUB,LAX,10,30_day,2017-06-23 13:04:18.582301
99514,5241341851874,OPENSTAX,SMF,7,130_day,2017-08-08 11:34:14.582327
99515,7633776572334,MCGRAW-HILL,BNA,10,40_day,2016-11-09 15:23:19.582352
99516,6297192925227,MACMILLAN,SNA,3,90_day,2016-11-08 12:44:16.582378
99517,8286532038066,MACMILLAN,JFK,3,160_day,2017-01-19 14:42:14.582404
99518,9354976326764,MCGRAW-HILL,CLE,4,0_day,2017-08-24 10:31:29.582429
99519,0905921935011,OPENSTAX,PHL,7,90_day,2017-06-27 15:39:46.582455
99520,6597370758677,SCIPUB,PHL,2,140_day,2017-07-02 14:46:35.582480
99521,4171783167068,SCIPUB,BOS,1,140_day,2016-12-31 14:59:33.582505
99522,6468860394981,SCIPUB,DTW,2,20_day,2016-10-21 09:42:09.582530
99523,3416978640867,PEARSON,CLT,6,110_day,2016-12-06 07:50:15.582556
99524,5723682731827,OXFORD UNIVERSITY PRESS,LAS,1,80_day,2017-08-17 11:37:11.582582
99525,8267813203257,SCIPUB,ORD,3,50_day,2016-11-25 10:56:32.582607
99526,5711373246244,MACMILLAN,SAN,5,170_day,2016-11-21 14:18:43.582633
99527,3334048059825,OXFORD UNIVERSITY PRESS,BWI,4,180_day,2017-03-09 11:58:20.582658
99528,1303814857618,OXFORD UNIVERSITY PRESS,OAK,6,50_day,2017-03-25 08:09:31.582684
99529,8525997194529,OPENSTAX,PHX,5,160_day,2017-05-16 12:53:19.582709
99530,8036880211543,MCGRAW-HILL,SMF,2,40_day,2017-05-26 15:31:16.582734
99531,3885321294929,OXFORD UNIVERSITY PRESS,PDX,5,90_day,2017-04-06 07:50:35.582765
99532,0373109459286,MCGRAW-HILL,SFO,8,50_day,2017-08-12 07:15:09.582792
99533,0270405522109,OPENSTAX,CLT,5,0_day,2017-07-09 11:40:23.582819
99534,7252306284131,SCIPUB,BOS,10,60_day,2016-12-05 07:50:19.582845
99535,8743032887861,PEARSON,BOS,7,60_day,2017-01-10 10:20:43.582870
99536,9387034397747,PENGUIN RANDOMHOUSE,SAN,6,30_day,2017-02-08 14:39:06.582906
99537,1746107942655,PENGUIN RANDOMHOUSE,LAX,8,40_day,2017-07-27 06:44:43.582933
99538,5985175983284,PEARSON,PDX,4,50_day,2017-02-22 15:20:36.582993
99539,9623368440997,PEARSON,EWR,8,20_day,2017-06-27 15:01:22.583072
99540,4142380047181,PENGUIN RANDOMHOUSE,RDU,5,160_day,2017-04-19 08:17:39.583124
99541,0264394629219,ENGLISH PUBLICATIONS,MCI,4,10_day,2016-10-23 10:37:58.583170
99542,1290906799708,SCIPUB,LAS,1,100_day,2016-11-10 11:57:47.583202
99543,7043254226874,PEARSON,DFW,3,130_day,2017-08-14 06:55:54.583229
99544,9526039108781,MACMILLAN,SNA,1,150_day,2017-05-24 10:13:10.583255
99545,7546043947086,OPENSTAX,STL,9,20_day,2016-11-26 10:14:18.583283
99546,8553290823342,MACMILLAN,LAX,5,20_day,2017-05-13 08:35:53.583308
99547,7255160397908,OXFORD UNIVERSITY PRESS,PDX,10,20_day,2017-05-02 08:11:25.583334
99548,0645301372797,ENGLISH PUBLICATIONS,SMF,1,180_day,2017-05-26 13:56:03.583599
99549,4325028705595,MCGRAW-HILL,PHX,1,30_day,2016-12-08 09:21:56.583655
99550,1227349464085,SCIPUB,CLT,7,70_day,2017-04-20 09:25:10.583706
99551,2261064813938,PENGUIN RANDOMHOUSE,MIA,6,40_day,2017-06-28 08:15:14.583770
99552,9719333791541,SCIPUB,PDX,2,10_day,2017-04-14 15:16:49.583821
99553,0025779333687,PEARSON,DEN,9,100_day,2016-12-29 11:55:50.583856
99554,6253712083267,ENGLISH PUBLICATIONS,EWR,9,160_day,2017-08-23 08:41:54.583885
99555,0796586769620,ENGLISH PUBLICATIONS,CLT,3,120_day,2017-03-02 14:43:53.583911
99556,8351916226785,ENGLISH PUBLICATIONS,ORD,5,160_day,2017-01-14 13:05:49.583967
99557,3434929444969,PENGUIN RANDOMHOUSE,LAX,10,30_day,2017-06-09 12:45:34.583994
99558,4438693241922,PENGUIN RANDOMHOUSE,AUS,3,60_day,2017-05-15 12:14:27.584020
99559,7238711697253,ENGLISH PUBLICATIONS,MDW,1,50_day,2017-05-14 07:28:35.584047
99560,8521821620784,PENGUIN RANDOMHOUSE,HNL,1,0_day,2016-12-27 13:20:00.584073
99561,0316614373312,ENGLISH PUBLICATIONS,MCO,2,20_day,2017-06-25 06:55:05.584098
99562,5469599521884,ENGLISH PUBLICATIONS,DFW,2,50_day,2017-06-07 13:24:37.584124
99563,9207896848832,PEARSON,DCA,8,0_day,2017-03-09 10:59:45.584150
99564,6493767813995,OXFORD UNIVERSITY PRESS,PDX,1,180_day,2016-11-26 12:47:58.584176
99565,6082502351923,ENGLISH PUBLICATIONS,LAX,8,50_day,2016-12-09 07:54:46.584202
99566,4310401236149,SCIPUB,DCA,3,170_day,2017-05-21 14:34:46.584228
99567,1523726186007,OPENSTAX,LGA,8,60_day,2016-10-15 08:13:42.584258
99568,3885758723722,PENGUIN RANDOMHOUSE,SAN,6,50_day,2017-01-09 14:13:40.584284
99569,8015452116714,PEARSON,STL,4,160_day,2017-04-01 13:27:32.584310
99570,6810878938629,MCGRAW-HILL,CLT,10,10_day,2017-07-07 07:21:57.584335
99571,2479490110392,ENGLISH PUBLICATIONS,AUS,8,0_day,2017-03-05 10:52:59.584361
99572,2268021276045,MCGRAW-HILL,JFK,10,60_day,2016-11-24 09:31:19.584387
99573,9612665378068,ENGLISH PUBLICATIONS,DCA,5,180_day,2017-05-02 10:51:27.584414
99574,3202652392607,OXFORD UNIVERSITY PRESS,MSP,2,80_day,2017-03-30 09:24:31.584440
99575,0546691014749,PENGUIN RANDOMHOUSE,CLT,3,140_day,2017-01-11 13:07:21.584465
99576,3455010782921,ENGLISH PUBLICATIONS,MIA,4,150_day,2017-07-07 11:14:54.584491
99577,8929117616260,OXFORD UNIVERSITY PRESS,OAK,10,120_day,2016-10-30 10:44:07.584517
99578,8914604543977,OXFORD UNIVERSITY PRESS,TPA,8,50_day,2017-09-08 09:29:35.584543
99579,0657510735620,OPENSTAX,AUS,9,110_day,2017-01-08 11:42:43.584568
99580,8507673685551,OPENSTAX,EWR,10,120_day,2017-07-21 14:47:21.584593
99581,6971917326648,OPENSTAX,CLE,8,130_day,2017-03-21 08:32:18.584619
99582,4253123134850,MACMILLAN,LAX,6,140_day,2017-06-06 14:05:14.584645
99583,7116953680844,PEARSON,MCI,2,110_day,2017-01-07 13:43:45.584670
99584,8785425772251,PEARSON,STL,7,20_day,2017-01-16 13:05:11.584696
99585,4025299077871,OPENSTAX,MCI,9,160_day,2017-01-26 15:27:05.584721
99586,1880373923131,OXFORD UNIVERSITY PRESS,DTW,1,80_day,2017-06-14 13:55:25.584747
99587,3262817689169,MCGRAW-HILL,STL,10,140_day,2017-03-06 12:49:53.584773
99588,7096906914746,OXFORD UNIVERSITY PRESS,OAK,10,130_day,2017-05-22 06:50:55.584799
99589,8001083163011,ENGLISH PUBLICATIONS,BNA,3,140_day,2016-12-24 09:28:42.584825
99590,1694624896533,OXFORD UNIVERSITY PRESS,HOU,3,110_day,2017-06-01 13:59:44.584851
99591,4178238136355,MACMILLAN,DFW,2,30_day,2016-11-03 09:55:15.584876
99592,5602260995307,MCGRAW-HILL,HOU,1,120_day,2016-10-25 09:37:10.584902
99593,0896523392181,PEARSON,BWI,6,120_day,2017-09-05 09:06:48.584928
99594,2193799215199,MCGRAW-HILL,FLL,7,120_day,2017-08-27 15:01:43.584953
99595,4764541741572,PEARSON,BWI,9,0_day,2017-06-09 07:44:11.584978
99596,1049821697070,OXFORD UNIVERSITY PRESS,PHL,3,140_day,2017-07-01 10:07:26.585004
99597,6762397754740,OPENSTAX,TPA,3,40_day,2016-12-23 07:26:04.585029
99598,7526689622691,OPENSTAX,TPA,3,30_day,2017-01-06 08:28:49.585054
99599,6068678627726,MCGRAW-HILL,DEN,10,160_day,2016-12-10 11:40:54.585080
99600,8177036839407,PEARSON,IAD,8,30_day,2016-10-15 09:22:33.585105
99601,2430084333380,ENGLISH PUBLICATIONS,OAK,5,10_day,2017-02-12 07:42:07.585132
99602,9138904874723,OPENSTAX,SFO,3,90_day,2017-07-14 12:01:25.585158
99603,8402778229833,MACMILLAN,STL,9,180_day,2016-10-28 10:45:35.585183
99604,2178479839332,MACMILLAN,CLE,7,130_day,2017-05-13 10:56:50.585208
99605,5815549848978,PENGUIN RANDOMHOUSE,BOS,3,90_day,2017-01-22 10:24:24.585234
99606,6586805773581,OXFORD UNIVERSITY PRESS,PHX,3,60_day,2017-06-13 08:39:53.585260
99607,5854437908042,OXFORD UNIVERSITY PRESS,LAS,9,160_day,2017-07-21 11:25:16.585285
99608,8596816787871,PENGUIN RANDOMHOUSE,CLE,9,50_day,2017-08-26 15:05:01.585311
99609,3280197151748,PENGUIN RANDOMHOUSE,SEA,7,150_day,2017-03-27 14:44:21.585337
99610,1794569549386,SCIPUB,HOU,6,90_day,2017-08-13 08:42:01.585362
99611,9282446919769,MCGRAW-HILL,SMF,8,10_day,2017-02-27 07:17:16.585387
99612,7068807547371,PENGUIN RANDOMHOUSE,EWR,7,100_day,2017-05-24 10:26:08.585413
99613,1787409711173,PENGUIN RANDOMHOUSE,IAD,6,100_day,2017-08-13 08:42:30.585439
99614,7789972366816,ENGLISH PUBLICATIONS,AUS,1,0_day,2016-11-12 13:44:49.585464
99615,8156274398498,OXFORD UNIVERSITY PRESS,PDX,9,150_day,2016-12-04 11:46:34.585490
99616,8587719191339,PEARSON,STL,10,110_day,2017-04-20 13:22:02.585516
99617,8824773423320,SCIPUB,HOU,2,40_day,2016-10-29 13:33:28.585542
99618,0357017594961,PENGUIN RANDOMHOUSE,FLL,2,30_day,2016-11-07 15:03:54.585567
99619,9417143811895,OXFORD UNIVERSITY PRESS,SEA,1,130_day,2017-08-17 07:09:26.585593
99620,6927459293694,OPENSTAX,JFK,6,40_day,2017-04-27 07:02:32.585619
99621,4885518200147,ENGLISH PUBLICATIONS,JFK,4,100_day,2017-02-18 12:05:28.585647
99622,4565172510951,OPENSTAX,MCI,4,150_day,2017-09-01 10:35:57.585673
99623,8786992716746,PEARSON,PHX,3,110_day,2017-06-15 09:30:39.585699
99624,6274599330223,PENGUIN RANDOMHOUSE,DFW,9,140_day,2017-03-09 14:07:22.585724
99625,2812193505208,MCGRAW-HILL,SAN,9,70_day,2017-05-31 08:34:33.585750
99626,7755482683542,OPENSTAX,SNA,8,50_day,2016-12-07 06:47:48.585776
99627,3532366426861,PENGUIN RANDOMHOUSE,SEA,3,70_day,2017-09-02 14:53:15.585801
99628,3939404989557,PEARSON,CLT,6,120_day,2016-12-14 14:57:16.585827
99629,7565336028000,PEARSON,IAH,9,130_day,2017-02-16 09:40:15.585853
99630,4921044135422,ENGLISH PUBLICATIONS,BOS,2,30_day,2017-07-22 14:07:15.585880
99631,9413258199632,MCGRAW-HILL,DFW,1,180_day,2017-08-14 15:10:30.585905
99632,6401604800110,MACMILLAN,TPA,7,160_day,2017-06-27 10:03:34.585930
99633,4415546103638,PEARSON,ATL,3,40_day,2017-05-13 07:54:00.585956
99634,8564871989042,OPENSTAX,LAX,5,100_day,2017-05-02 11:25:42.585982
99635,0397418927197,OXFORD UNIVERSITY PRESS,IAH,2,60_day,2017-08-03 09:50:54.586007
99636,9574949890562,MCGRAW-HILL,FLL,7,120_day,2017-08-21 12:40:22.586033
99637,6778944336328,ENGLISH PUBLICATIONS,TPA,10,0_day,2017-02-25 10:33:26.586058
99638,7061620828544,SCIPUB,SEA,2,80_day,2017-03-23 14:00:12.586084
99639,8942183456963,MACMILLAN,MIA,4,110_day,2017-05-12 13:07:14.586109
99640,1802461999703,ENGLISH PUBLICATIONS,LAS,6,120_day,2017-06-30 08:13:10.586135
99641,5768863149170,OXFORD UNIVERSITY PRESS,STL,2,180_day,2017-03-18 14:51:46.586160
99642,7436258500559,MCGRAW-HILL,HNL,7,50_day,2016-11-28 12:55:49.586247
99643,1505257948776,PEARSON,PDX,7,0_day,2017-08-10 08:08:55.586276
99644,5948889383022,PEARSON,LAX,3,140_day,2016-12-30 12:15:00.586303
99645,3827780454604,MACMILLAN,ORD,2,120_day,2017-06-01 13:55:01.586329
99646,5992791334728,MACMILLAN,AUS,6,130_day,2017-05-04 09:56:58.586355
99647,1867267285906,SCIPUB,MCO,6,100_day,2017-01-06 12:12:41.586380
99648,3625823301913,OPENSTAX,TPA,9,130_day,2016-11-17 07:28:07.586406
99649,3321136232983,SCIPUB,SLC,4,80_day,2016-12-08 09:31:40.586432
99650,7059884981601,OXFORD UNIVERSITY PRESS,PHL,1,50_day,2016-11-24 13:54:56.586458
99651,8389811314330,SCIPUB,MDW,8,20_day,2017-03-04 11:22:27.586483
99652,2333802115442,MCGRAW-HILL,LAS,3,30_day,2016-12-12 13:57:10.586509
99653,7434705009205,PENGUIN RANDOMHOUSE,DEN,3,150_day,2017-03-12 12:22:25.586534
99654,2555337600757,ENGLISH PUBLICATIONS,MCI,5,90_day,2016-11-26 15:01:16.586560
99655,7151700192906,MCGRAW-HILL,DCA,5,160_day,2017-05-16 10:40:29.586586
99656,4521943939517,SCIPUB,CLE,9,10_day,2017-06-04 10:32:19.586612
99657,7193264763631,OXFORD UNIVERSITY PRESS,CLE,7,110_day,2017-02-09 14:49:37.586637
99658,3829431736327,SCIPUB,SAN,10,140_day,2016-12-27 07:54:36.586664
99659,2350210116026,MCGRAW-HILL,PHX,8,80_day,2017-07-12 09:49:21.586690
99660,1808741772428,OPENSTAX,MIA,6,160_day,2017-07-23 07:03:52.586715
99661,2006741372518,MCGRAW-HILL,SEA,3,0_day,2017-09-04 14:38:53.586741
99662,2620941457833,SCIPUB,IAD,1,90_day,2017-05-29 11:43:01.586766
99663,9934116982659,ENGLISH PUBLICATIONS,MCI,2,40_day,2017-09-05 11:55:59.586792
99664,8368836606963,MACMILLAN,SAN,1,30_day,2016-12-01 12:30:03.586818
99665,7615347917988,SCIPUB,SNA,9,50_day,2017-05-26 09:40:36.586843
99666,9570201319063,MCGRAW-HILL,LAS,8,160_day,2017-04-01 08:36:53.586869
99667,8591232788077,PENGUIN RANDOMHOUSE,HNL,4,0_day,2017-07-23 11:16:27.586895
99668,9566872906518,OPENSTAX,DFW,1,20_day,2017-09-01 09:25:26.586920
99669,5978755502563,PEARSON,DTW,2,100_day,2017-05-18 11:48:19.586946
99670,4703790170882,OPENSTAX,EWR,3,40_day,2017-03-08 10:11:59.586972
99671,4455015774732,MCGRAW-HILL,DFW,8,10_day,2016-11-01 11:28:20.586997
99672,1105663037707,PENGUIN RANDOMHOUSE,RDU,9,30_day,2017-09-09 08:14:03.587023
99673,7111882923076,ENGLISH PUBLICATIONS,ORD,1,60_day,2016-12-23 09:03:13.587049
99674,7372754193883,MACMILLAN,HNL,5,160_day,2017-07-05 09:46:53.587075
99675,1596046852835,SCIPUB,BOS,3,140_day,2016-11-16 07:45:14.587100
99676,3012553858235,ENGLISH PUBLICATIONS,IAH,7,50_day,2017-04-15 12:44:55.587126
99677,6804707336079,OPENSTAX,JFK,3,30_day,2017-03-24 11:42:43.587152
99678,9618427268598,MCGRAW-HILL,DFW,1,40_day,2017-05-31 08:15:51.587177
99679,7766682449693,PEARSON,DCA,3,50_day,2017-05-05 13:15:35.587203
99680,8193774926972,PEARSON,SNA,7,10_day,2017-07-10 07:07:11.587228
99681,0348299724941,PENGUIN RANDOMHOUSE,DEN,7,60_day,2017-02-01 13:54:28.587254
99682,9958593580516,OPENSTAX,BWI,5,100_day,2017-03-31 12:34:57.587279
99683,6529300887920,OPENSTAX,BOS,9,110_day,2017-07-02 14:26:28.587305
99684,2323119315620,MCGRAW-HILL,IAH,5,60_day,2017-02-06 09:17:26.587330
99685,6352421129636,ENGLISH PUBLICATIONS,PHL,7,130_day,2017-04-07 12:14:56.587356
99686,2176066741818,MCGRAW-HILL,SAN,4,180_day,2017-06-17 11:57:10.587381
99687,9947823747337,SCIPUB,PHL,4,160_day,2017-03-05 11:27:05.587408
99688,0895741888571,MACMILLAN,RDU,4,30_day,2017-02-16 07:12:46.587433
99689,9000037058445,MACMILLAN,SAN,8,140_day,2017-04-25 10:58:14.587459
99690,3812212215940,MACMILLAN,PHX,1,160_day,2017-04-04 14:55:35.587484
99691,9060280995664,OPENSTAX,BOS,3,80_day,2017-06-09 11:41:24.587510
99692,8513152043596,OPENSTAX,RDU,1,130_day,2017-08-01 10:19:44.587535
99693,6784554607776,MCGRAW-HILL,FLL,7,10_day,2016-12-13 12:13:37.587561
99694,0797398603422,PENGUIN RANDOMHOUSE,BNA,5,160_day,2017-05-03 09:52:34.587587
99695,6264475601802,OXFORD UNIVERSITY PRESS,DEN,9,130_day,2017-04-14 15:12:27.587612
99696,0377299620423,SCIPUB,SEA,9,170_day,2017-03-10 15:10:14.587638
99697,8823594126502,SCIPUB,MSP,6,140_day,2016-12-27 08:27:28.587663
99698,1860545351914,MCGRAW-HILL,AUS,10,0_day,2017-04-10 11:37:22.587689
99699,2645742263136,PEARSON,MCI,6,140_day,2016-11-15 12:40:14.587714
99700,5061845428147,OXFORD UNIVERSITY PRESS,DFW,9,120_day,2017-05-20 15:31:03.587740
99701,7746977910602,PENGUIN RANDOMHOUSE,BOS,1,70_day,2017-03-27 13:17:47.587766
99702,9137268825059,OPENSTAX,SNA,8,140_day,2017-03-18 10:42:31.587792
99703,7224891200621,MACMILLAN,PHL,10,10_day,2017-01-06 08:40:44.587817
99704,6836153546806,MCGRAW-HILL,MCI,9,10_day,2017-07-04 09:01:15.587843
99705,5415765406020,MACMILLAN,SEA,2,50_day,2016-10-27 11:26:36.587868
99706,0062815237183,PENGUIN RANDOMHOUSE,AUS,5,10_day,2017-02-11 10:21:45.587894
99707,5741388365198,PEARSON,PHL,8,90_day,2017-09-10 14:08:05.587919
99708,7023688388228,OXFORD UNIVERSITY PRESS,BNA,7,160_day,2016-12-21 13:58:04.587945
99709,2394488641559,ENGLISH PUBLICATIONS,JFK,1,150_day,2017-01-08 13:05:19.587971
99710,9347801652358,PEARSON,MIA,4,10_day,2017-04-16 09:39:04.587996
99711,5110414719435,OPENSTAX,MSP,10,150_day,2016-12-11 15:30:12.588022
99712,0579179124890,PENGUIN RANDOMHOUSE,MDW,1,140_day,2017-08-23 07:49:15.588047
99713,4647858570690,OPENSTAX,SEA,6,120_day,2017-09-03 13:32:09.588073
99714,1121357240421,OPENSTAX,DFW,1,50_day,2017-04-05 10:49:56.588098
99715,0810536603677,MCGRAW-HILL,EWR,8,100_day,2017-07-07 11:42:37.588125
99716,2233182932251,ENGLISH PUBLICATIONS,LAX,2,150_day,2017-05-14 12:32:39.588150
99717,2346749665572,ENGLISH PUBLICATIONS,IAH,9,120_day,2016-11-16 11:11:00.588175
99718,1023643100466,ENGLISH PUBLICATIONS,IAD,6,90_day,2017-01-06 15:25:51.588201
99719,3332007729517,MACMILLAN,MSP,8,180_day,2016-12-31 15:30:21.588227
99720,0583005703193,MCGRAW-HILL,DEN,9,160_day,2017-05-18 08:57:49.588252
99721,1071979243267,MCGRAW-HILL,PHL,2,150_day,2017-06-19 07:59:38.588277
99722,7142324621308,PENGUIN RANDOMHOUSE,PDX,8,130_day,2017-07-16 14:42:44.588303
99723,6623012748500,ENGLISH PUBLICATIONS,LGA,9,80_day,2017-01-24 13:55:26.588328
99724,8574837645012,OXFORD UNIVERSITY PRESS,CLE,9,180_day,2017-04-23 11:25:54.588354
99725,9227819675583,OXFORD UNIVERSITY PRESS,OAK,10,100_day,2017-06-29 11:26:11.588380
99726,9971670446045,OPENSTAX,FLL,7,120_day,2017-05-19 11:47:52.588405
99727,4224982651219,OXFORD UNIVERSITY PRESS,PDX,2,180_day,2017-02-08 09:08:25.588431
99728,9004304410239,PEARSON,HOU,9,10_day,2017-02-06 11:52:40.588456
99729,6430854783711,OPENSTAX,PDX,8,10_day,2017-02-09 09:17:40.588482
99730,7933357317108,OXFORD UNIVERSITY PRESS,SFO,8,120_day,2017-02-20 14:29:33.588508
99731,2755222079722,MACMILLAN,LGA,4,160_day,2016-10-25 14:41:14.588533
99732,3075392888430,ENGLISH PUBLICATIONS,MCI,5,120_day,2017-08-29 11:51:00.588559
99733,8263174251701,MACMILLAN,ORD,6,130_day,2017-02-18 10:56:48.588585
99734,3713639579511,ENGLISH PUBLICATIONS,BNA,8,30_day,2017-07-27 13:39:24.588611
99735,5253511405106,MCGRAW-HILL,SNA,1,150_day,2017-02-28 11:17:19.588636
99736,3707939830813,MACMILLAN,STL,3,180_day,2017-03-23 11:38:19.588661
99737,1836622858584,OPENSTAX,DFW,10,140_day,2017-07-17 13:01:23.588687
99738,0909675371951,ENGLISH PUBLICATIONS,BOS,10,140_day,2016-12-13 14:33:25.588713
99739,3007446803780,PEARSON,SLC,9,40_day,2017-06-08 14:42:46.588738
99740,4198282028383,MCGRAW-HILL,DFW,7,140_day,2017-04-18 12:51:49.588764
99741,0802882326032,PEARSON,BNA,6,0_day,2017-06-28 07:45:28.588789
99742,0999868549088,MACMILLAN,RDU,9,110_day,2017-08-25 07:35:28.588814
99743,8497730368592,ENGLISH PUBLICATIONS,BNA,3,180_day,2017-08-30 10:42:27.588841
99744,3212873056419,PEARSON,MDW,9,160_day,2016-11-19 07:49:32.588866
99745,3417100191427,MACMILLAN,DFW,10,70_day,2016-11-21 14:28:00.588892
99746,9022173252330,PENGUIN RANDOMHOUSE,FLL,3,50_day,2016-12-10 10:57:27.588918
99747,6221404004241,OXFORD UNIVERSITY PRESS,TPA,7,20_day,2017-07-31 12:43:04.588943
99748,1100022578215,MACMILLAN,SFO,1,140_day,2017-04-30 10:38:09.588969
99749,8502016299930,PEARSON,SEA,7,60_day,2016-12-17 08:18:48.588994
99750,3936044377604,MCGRAW-HILL,HOU,5,150_day,2017-05-11 10:48:54.589020
99751,4295300699994,SCIPUB,MSP,1,100_day,2017-06-22 11:21:53.589045
99752,1967212104339,OXFORD UNIVERSITY PRESS,FLL,1,150_day,2017-06-13 14:27:07.589071
99753,5488916215336,MCGRAW-HILL,FLL,10,100_day,2017-08-28 08:05:49.589097
99754,1740433640998,PEARSON,CLT,4,130_day,2017-08-28 09:42:09.589122
99755,8997828714989,PEARSON,HNL,2,140_day,2016-12-07 12:27:18.589147
99756,6635372462323,SCIPUB,DCA,1,60_day,2016-11-05 11:23:31.589173
99757,3494270619173,MCGRAW-HILL,ORD,6,10_day,2017-06-17 07:28:19.589199
99758,3466853254754,MACMILLAN,MDW,10,0_day,2017-06-26 14:10:02.589225
99759,8580795811709,ENGLISH PUBLICATIONS,DTW,3,110_day,2016-12-12 15:33:34.589251
99760,8243954314824,OPENSTAX,DEN,3,0_day,2017-03-17 09:44:17.589276
99761,4462519688083,MACMILLAN,PHX,4,50_day,2017-05-07 09:30:18.589302
99762,9332972762912,ENGLISH PUBLICATIONS,IAD,8,180_day,2016-12-26 12:23:24.589332
99763,3627210651155,OXFORD UNIVERSITY PRESS,PDX,3,120_day,2017-05-09 13:34:05.589372
99764,8073213138299,OXFORD UNIVERSITY PRESS,CLT,5,90_day,2017-01-30 13:10:06.589394
